SQL> 
SQL> CL SCR

SQL> REM LIKE : USED FOR PATTERN MATCHING
SQL> 
SQL> REM LIKE SUPPORTS TWO WILD CARD CHARACTERS : _ %
SQL> 
SQL> REM _ : TO REPRESENT SINGLE CHARACTER
SQL> 
SQL> REM % : TO REPRESENT ZERO OR MORE CHARACTERS
SQL> 
SQL> 
SQL> 
SQL> REM DISPLAY FIRST_NAME WHICH STARTS WITH ALPHABET 'G'
SQL> 
SQL> REM DISPLAY FIRST_NAME WHICH ENDS WITH ALPHABET 'n'
SQL> 
SQL> REM DISPLAY FIRST_NAME WHICH CONTAINS 'e'
SQL> 
SQL> 
SQL> 
SQL> REM TWO TYPES OF EXAMPLES : 1 USING ONLY WILD CARD CHARACTERS 2 USING OTHER CHARACTERS WITH WILD CARD CHARACTERS
SQL> 
SQL> 
SQL> 
SQL> REM 1 USING ONLY WILD CARD CHARACTERS
SQL> 
SQL> REM DISPLAY THOSE WHO GETS SALARY IN 4 FIGURES
SQL> 
SQL> SELECT FIRST_NAME , SALARY FROM EMPLOYEES WHERE SALARY LIKE '____';

FIRST_NAME     SALARY                                                                                                                                                                                   
---------- ----------                                                                                                                                                                                   
Alexander        9000                                                                                                                                                                                   
Bruce            6000                                                                                                                                                                                   
Diana            4200                                                                                                                                                                                   
Kevin            5800                                                                                                                                                                                   
Trenna           3500                                                                                                                                                                                   
Curtis           3100                                                                                                                                                                                   
Randall          2600                                                                                                                                                                                   
Peter            2500                                                                                                                                                                                   
Jonathon         8600                                                                                                                                                                                   
Kimerely         7000                                                                                                                                                                                   
Jennifer         4400                                                                                                                                                                                   
Pat              6000                                                                                                                                                                                   
William          8300                                                                                                                                                                                   

13 rows selected.

SQL> REM DISPLAY ALL EXCEPT THOSE WHO GETS SALARY IN 4 FIGURES
SQL> 
SQL> SELECT FIRST_NAME , SALARY FROM EMPLOYEES WHERE SALARY NOT LIKE '____';

FIRST_NAME     SALARY                                                                                                                                                                                   
---------- ----------                                                                                                                                                                                   
Steven          24000                                                                                                                                                                                   
Neena           17000                                                                                                                                                                                   
Lex             17000                                                                                                                                                                                   
Eleni           10500                                                                                                                                                                                   
Ellen           11000                                                                                                                                                                                   
Michael         13000                                                                                                                                                                                   
Shelley         12000                                                                                                                                                                                   

7 rows selected.

SQL> REM DISPLAY THOSE WHOSE FIRST_NAME SPELLING HAS 6 OR MORE CHARACTERS.
SQL> 
SQL> SELECT FIRST_NAME , SALARY FROM EMPLOYEES WHERE FIRST_NAME LIKE '______%';

FIRST_NAME     SALARY                                                                                                                                                                                   
---------- ----------                                                                                                                                                                                   
Steven          24000                                                                                                                                                                                   
Alexander        9000                                                                                                                                                                                   
Trenna           3500                                                                                                                                                                                   
Curtis           3100                                                                                                                                                                                   
Randall          2600                                                                                                                                                                                   
Jonathon         8600                                                                                                                                                                                   
Kimerely         7000                                                                                                                                                                                   
Jennifer         4400                                                                                                                                                                                   
Michael         13000                                                                                                                                                                                   
Shelley         12000                                                                                                                                                                                   
William          8300                                                                                                                                                                                   

11 rows selected.

SQL> REM DISPLAY THOSE WHOSE FIRST_NAME SPELLING HAS 6 OR LESS CHARACTERS.
SQL> 
SQL> SELECT FIRST_NAME , SALARY FROM EMPLOYEES WHERE FIRST_NAME LIKE '_______';

FIRST_NAME     SALARY                                                                                                                                                                                   
---------- ----------                                                                                                                                                                                   
Randall          2600                                                                                                                                                                                   
Michael         13000                                                                                                                                                                                   
Shelley         12000                                                                                                                                                                                   
William          8300                                                                                                                                                                                   

SQL> SELECT FIRST_NAME , SALARY FROM EMPLOYEES WHERE FIRST_NAME LIKE '_______%';

FIRST_NAME     SALARY                                                                                                                                                                                   
---------- ----------                                                                                                                                                                                   
Alexander        9000                                                                                                                                                                                   
Randall          2600                                                                                                                                                                                   
Jonathon         8600                                                                                                                                                                                   
Kimerely         7000                                                                                                                                                                                   
Jennifer         4400                                                                                                                                                                                   
Michael         13000                                                                                                                                                                                   
Shelley         12000                                                                                                                                                                                   
William          8300                                                                                                                                                                                   

8 rows selected.

SQL> SELECT FIRST_NAME , SALARY FROM EMPLOYEES WHERE FIRST_NAME NOT LIKE '_______%';

FIRST_NAME     SALARY                                                                                                                                                                                   
---------- ----------                                                                                                                                                                                   
Steven          24000                                                                                                                                                                                   
Neena           17000                                                                                                                                                                                   
Lex             17000                                                                                                                                                                                   
Bruce            6000                                                                                                                                                                                   
Diana            4200                                                                                                                                                                                   
Kevin            5800                                                                                                                                                                                   
Trenna           3500                                                                                                                                                                                   
Curtis           3100                                                                                                                                                                                   
Peter            2500                                                                                                                                                                                   
Eleni           10500                                                                                                                                                                                   
Ellen           11000                                                                                                                                                                                   
Pat              6000                                                                                                                                                                                   

12 rows selected.

SQL> REM 2 USING OTHER CHARACTERS WITH WILD CARD CHARACTERS
SQL> 
SQL> REM DISPLAY FIRST_NAME WHICH STARTS WITH ALPHABET 'G'
SQL> 
SQL> REM DISPLAY FIRST_NAME WHICH ENDS WITH ALPHABET 'n'
SQL> 
SQL> REM DISPLAY FIRST_NAME WHICH CONTAINS 'e'
SQL> 
SQL> 
SQL> 
SQL> 
SQL> REM DISPLAY FIRST_NAME WHICH STARTS WITH ALPHABET 'G'
SQL> 
SQL> SELECT FIRST_NAME FROM EMPLOYEES WHERE FIRST_NAME LIKE 'G%';

no rows selected

SQL> SELECT LAST_NAME FROM EMPLOYEES WHERE LAST_NAME LIKE 'G%';

LAST_NAME                                                                                                                                                                                               
----------                                                                                                                                                                                              
Grant                                                                                                                                                                                                   
Gietz                                                                                                                                                                                                   

SQL> SELECT FIRST_NAME FROM EMPLOYEES WHERE FIRST_NAME LIKE 'H%';

no rows selected

SQL> SELECT FIRST_NAME FROM EMPLOYEES;

FIRST_NAME                                                                                                                                                                                              
----------                                                                                                                                                                                              
Steven                                                                                                                                                                                                  
Neena                                                                                                                                                                                                   
Lex                                                                                                                                                                                                     
Alexander                                                                                                                                                                                               
Bruce                                                                                                                                                                                                   
Diana                                                                                                                                                                                                   
Kevin                                                                                                                                                                                                   
Trenna                                                                                                                                                                                                  
Curtis                                                                                                                                                                                                  
Randall                                                                                                                                                                                                 
Peter                                                                                                                                                                                                   
Eleni                                                                                                                                                                                                   
Ellen                                                                                                                                                                                                   
Jonathon                                                                                                                                                                                                
Kimerely                                                                                                                                                                                                
Jennifer                                                                                                                                                                                                
Michael                                                                                                                                                                                                 
Pat                                                                                                                                                                                                     
Shelley                                                                                                                                                                                                 
William                                                                                                                                                                                                 

20 rows selected.

SQL> SELECT FIRST_NAME FROM EMPLOYEES WHERE FIRST_NAME LIKE 'E%';

FIRST_NAME                                                                                                                                                                                              
----------                                                                                                                                                                                              
Eleni                                                                                                                                                                                                   
Ellen                                                                                                                                                                                                   

SQL> SELECT FIRST_NAME FROM EMPLOYEES WHERE FIRST_NAME LIKE 'J%';

FIRST_NAME                                                                                                                                                                                              
----------                                                                                                                                                                                              
Jonathon                                                                                                                                                                                                
Jennifer                                                                                                                                                                                                

SQL> SELECT FIRST_NAME FROM EMPLOYEES WHERE FIRST_NAME LIKE 'P%';

FIRST_NAME                                                                                                                                                                                              
----------                                                                                                                                                                                              
Peter                                                                                                                                                                                                   
Pat                                                                                                                                                                                                     

SQL> SELECT FIRST_NAME FROM EMPLOYEES WHERE FIRST_NAME LIKE 'P__';

FIRST_NAME                                                                                                                                                                                              
----------                                                                                                                                                                                              
Pat                                                                                                                                                                                                     

SQL> SELECT FIRST_NAME FROM EMPLOYEES WHERE FIRST_NAME LIKE 'P____';

FIRST_NAME                                                                                                                                                                                              
----------                                                                                                                                                                                              
Peter                                                                                                                                                                                                   

SQL> REM DISPLAY FIRST_NAME WHICH ENDS WITH ALPHABET 'n'
SQL> 
SQL> SELECT FIRST_NAME FROM EMPLOYEES WHERE FIRST_NAME LIKE '%n';

FIRST_NAME                                                                                                                                                                                              
----------                                                                                                                                                                                              
Steven                                                                                                                                                                                                  
Kevin                                                                                                                                                                                                   
Ellen                                                                                                                                                                                                   
Jonathon                                                                                                                                                                                                

SQL> SELECT FIRST_NAME FROM EMPLOYEES WHERE FIRST_NAME LIKE '%e%';

FIRST_NAME                                                                                                                                                                                              
----------                                                                                                                                                                                              
Steven                                                                                                                                                                                                  
Neena                                                                                                                                                                                                   
Lex                                                                                                                                                                                                     
Alexander                                                                                                                                                                                               
Bruce                                                                                                                                                                                                   
Kevin                                                                                                                                                                                                   
Trenna                                                                                                                                                                                                  
Peter                                                                                                                                                                                                   
Eleni                                                                                                                                                                                                   
Ellen                                                                                                                                                                                                   
Kimerely                                                                                                                                                                                                
Jennifer                                                                                                                                                                                                
Michael                                                                                                                                                                                                 
Shelley                                                                                                                                                                                                 

14 rows selected.

SQL> SELECT FIRST_NAME FROM EMPLOYEES WHERE FIRST_NAME LIKE '%E%';

FIRST_NAME                                                                                                                                                                                              
----------                                                                                                                                                                                              
Eleni                                                                                                                                                                                                   
Ellen                                                                                                                                                                                                   

SQL> SELECT FIRST_NAME FROM EMPLOYEES WHERE FIRST_NAME LIKE '%ee%';

FIRST_NAME                                                                                                                                                                                              
----------                                                                                                                                                                                              
Neena                                                                                                                                                                                                   

SQL> SELECT FIRST_NAME FROM EMPLOYEES WHERE FIRST_NAME LIKE '%e_e%';

FIRST_NAME                                                                                                                                                                                              
----------                                                                                                                                                                                              
Steven                                                                                                                                                                                                  
Peter                                                                                                                                                                                                   
Kimerely                                                                                                                                                                                                

SQL> SELECT FIRST_NAME FROM EMPLOYEES WHERE FIRST_NAME LIKE '%e__e%';

FIRST_NAME                                                                                                                                                                                              
----------                                                                                                                                                                                              
Shelley                                                                                                                                                                                                 

SQL> SELECT FIRST_NAME FROM EMPLOYEES WHERE FIRST_NAME LIKE '%e%e%';

FIRST_NAME                                                                                                                                                                                              
----------                                                                                                                                                                                              
Steven                                                                                                                                                                                                  
Neena                                                                                                                                                                                                   
Alexander                                                                                                                                                                                               
Peter                                                                                                                                                                                                   
Kimerely                                                                                                                                                                                                
Jennifer                                                                                                                                                                                                
Shelley                                                                                                                                                                                                 

7 rows selected.

SQL> REM DISPLAY THOSE FIRST_NAME WHICH HAS SECOND CHARACTER e
SQL> 
SQL> SELECT FIRST_NAME FROM EMPLOYEES WHERE FIRST_NAME LIKE '_e%';

FIRST_NAME                                                                                                                                                                                              
----------                                                                                                                                                                                              
Neena                                                                                                                                                                                                   
Lex                                                                                                                                                                                                     
Kevin                                                                                                                                                                                                   
Peter                                                                                                                                                                                                   
Jennifer                                                                                                                                                                                                

SQL> SELECT FIRST_NAME FROM EMPLOYEES WHERE FIRST_NAME LIKE '_e';

no rows selected

SQL> REM DISPLAY THOSE FIRST_NAME WHICH HAS SECOND LAST CHARACTER e
SQL> 
SQL> SELECT FIRST_NAME FROM EMPLOYEES WHERE FIRST_NAME LIKE '%e_';

FIRST_NAME                                                                                                                                                                                              
----------                                                                                                                                                                                              
Steven                                                                                                                                                                                                  
Lex                                                                                                                                                                                                     
Alexander                                                                                                                                                                                               
Peter                                                                                                                                                                                                   
Ellen                                                                                                                                                                                                   
Jennifer                                                                                                                                                                                                
Michael                                                                                                                                                                                                 
Shelley                                                                                                                                                                                                 

8 rows selected.

SQL> REM DISPLAY THOSE FIRST_NAME WHICH HAS SECOND AND SECOND LAST CHARACTER e
SQL> 
SQL> SELECT FIRST_NAME FROM EMPLOYEES WHERE FIRST_NAME LIKE '_e%e_%';

FIRST_NAME                                                                                                                                                                                              
----------                                                                                                                                                                                              
Neena                                                                                                                                                                                                   
Peter                                                                                                                                                                                                   
Jennifer                                                                                                                                                                                                

SQL> SELECT FIRST_NAME FROM EMPLOYEES WHERE FIRST_NAME LIKE '_e%e_';

FIRST_NAME                                                                                                                                                                                              
----------                                                                                                                                                                                              
Peter                                                                                                                                                                                                   
Jennifer                                                                                                                                                                                                

SQL> SELECT HIRE_DATE FROM EMPLOYEES;

HIRE_DATE                                                                                                                                                                                               
---------                                                                                                                                                                                               
17-JUL-87                                                                                                                                                                                               
21-SEP-89                                                                                                                                                                                               
13-JAN-93                                                                                                                                                                                               
03-JAN-90                                                                                                                                                                                               
21-MAY-91                                                                                                                                                                                               
07-FEB-99                                                                                                                                                                                               
16-NOV-99                                                                                                                                                                                               
17-OCT-95                                                                                                                                                                                               
29-JAN-97                                                                                                                                                                                               
15-MAR-98                                                                                                                                                                                               
09-JUL-98                                                                                                                                                                                               
29-JAN-00                                                                                                                                                                                               
11-MAY-96                                                                                                                                                                                               
24-MAR-98                                                                                                                                                                                               
24-MAY-99                                                                                                                                                                                               
17-SEP-87                                                                                                                                                                                               
17-FEB-96                                                                                                                                                                                               
17-AUG-97                                                                                                                                                                                               
07-JUN-94                                                                                                                                                                                               
07-JUN-94                                                                                                                                                                                               

20 rows selected.

SQL> REM DISPLAY THOSE WHO WERE HIRED IN YEAR 99
SQL> 
SQL> SELECT HIRE_DATE FROM EMPLOYEES WHERE HIRE_DATE LIKE '%99';

HIRE_DATE                                                                                                                                                                                               
---------                                                                                                                                                                                               
07-FEB-99                                                                                                                                                                                               
16-NOV-99                                                                                                                                                                                               
24-MAY-99                                                                                                                                                                                               

SQL> REM DISPLAY THOSE WHO WERE HIRED IN MONTH JAN
SQL> 
SQL> SELECT HIRE_DATE FROM EMPLOYEES WHERE HIRE_DATE LIKE '___JAN___';

HIRE_DATE                                                                                                                                                                                               
---------                                                                                                                                                                                               
13-JAN-93                                                                                                                                                                                               
03-JAN-90                                                                                                                                                                                               
29-JAN-97                                                                                                                                                                                               
29-JAN-00                                                                                                                                                                                               

SQL> SELECT HIRE_DATE FROM EMPLOYEES WHERE HIRE_DATE LIKE '__-JAN-__';

HIRE_DATE                                                                                                                                                                                               
---------                                                                                                                                                                                               
13-JAN-93                                                                                                                                                                                               
03-JAN-90                                                                                                                                                                                               
29-JAN-97                                                                                                                                                                                               
29-JAN-00                                                                                                                                                                                               

SQL> SELECT HIRE_DATE FROM EMPLOYEES WHERE HIRE_DATE LIKE '__-JAN-%';

HIRE_DATE                                                                                                                                                                                               
---------                                                                                                                                                                                               
13-JAN-93                                                                                                                                                                                               
03-JAN-90                                                                                                                                                                                               
29-JAN-97                                                                                                                                                                                               
29-JAN-00                                                                                                                                                                                               

SQL> SELECT HIRE_DATE FROM EMPLOYEES WHERE HIRE_DATE LIKE '%-JAN-%';

HIRE_DATE                                                                                                                                                                                               
---------                                                                                                                                                                                               
13-JAN-93                                                                                                                                                                                               
03-JAN-90                                                                                                                                                                                               
29-JAN-97                                                                                                                                                                                               
29-JAN-00                                                                                                                                                                                               

SQL> SELECT HIRE_DATE FROM EMPLOYEES WHERE HIRE_DATE LIKE '%JAN-%';

HIRE_DATE                                                                                                                                                                                               
---------                                                                                                                                                                                               
13-JAN-93                                                                                                                                                                                               
03-JAN-90                                                                                                                                                                                               
29-JAN-97                                                                                                                                                                                               
29-JAN-00                                                                                                                                                                                               

SQL> SELECT HIRE_DATE FROM EMPLOYEES WHERE HIRE_DATE LIKE '%JAN%';

HIRE_DATE                                                                                                                                                                                               
---------                                                                                                                                                                                               
13-JAN-93                                                                                                                                                                                               
03-JAN-90                                                                                                                                                                                               
29-JAN-97                                                                                                                                                                                               
29-JAN-00                                                                                                                                                                                               

SQL> REM JAN OR JUN
SQL> 
SQL> From Daksh to Me (Direct Message) 04:54 PM
SP2-0734: unknown command beginning "From Daksh..." - rest of line ignored.
SQL> SELECT HIRE_DATE FROM EMPLOYEES WHERE HIRE_DATE LIKE '%J_N%';

HIRE_DATE                                                                                                                                                                                               
---------                                                                                                                                                                                               
13-JAN-93                                                                                                                                                                                               
03-JAN-90                                                                                                                                                                                               
29-JAN-97                                                                                                                                                                                               
29-JAN-00                                                                                                                                                                                               
07-JUN-94                                                                                                                                                                                               
07-JUN-94                                                                                                                                                                                               

6 rows selected.

SQL> REM JUN OR JUL
SQL> 
SQL> SELECT FIRST_NAME, HIRE_DATE FROM EMPLOYEES WHERE HIRE_DATE LIKE '%J__%';

FIRST_NAME HIRE_DATE                                                                                                                                                                                    
---------- ---------                                                                                                                                                                                    
Steven     17-JUL-87                                                                                                                                                                                    
Lex        13-JAN-93                                                                                                                                                                                    
Alexander  03-JAN-90                                                                                                                                                                                    
Curtis     29-JAN-97                                                                                                                                                                                    
Peter      09-JUL-98                                                                                                                                                                                    
Eleni      29-JAN-00                                                                                                                                                                                    
Shelley    07-JUN-94                                                                                                                                                                                    
William    07-JUN-94                                                                                                                                                                                    

8 rows selected.

SQL> select hire_date from employees where hire_date like '%JU%';

HIRE_DATE                                                                                                                                                                                               
---------                                                                                                                                                                                               
17-JUL-87                                                                                                                                                                                               
09-JUL-98                                                                                                                                                                                               
07-JUN-94                                                                                                                                                                                               
07-JUN-94                                                                                                                                                                                               

SQL> REM JAN , MAR , MAY  BUT NOT APR AND AUG
SQL> 
SQL> SELECT HIRE_DATE FROM EMPLOYEES WHERE HIRE_DATE LIKE '%-_A%';

HIRE_DATE                                                                                                                                                                                               
---------                                                                                                                                                                                               
13-JAN-93                                                                                                                                                                                               
03-JAN-90                                                                                                                                                                                               
21-MAY-91                                                                                                                                                                                               
29-JAN-97                                                                                                                                                                                               
15-MAR-98                                                                                                                                                                                               
29-JAN-00                                                                                                                                                                                               
11-MAY-96                                                                                                                                                                                               
24-MAR-98                                                                                                                                                                                               
24-MAY-99                                                                                                                                                                                               

9 rows selected.

SQL> REM 90s
SQL> 
SQL> REM 90 TO 99
SQL> 
SQL> SELECT FIRST_NAME, HIRE_DATE FROM EMPLOYEES WHERE HIRE_DATE LIKE '%9_ ';

no rows selected

SQL> SELECT FIRST_NAME, HIRE_DATE FROM EMPLOYEES WHERE HIRE_DATE LIKE '%9_';

FIRST_NAME HIRE_DATE                                                                                                                                                                                    
---------- ---------                                                                                                                                                                                    
Lex        13-JAN-93                                                                                                                                                                                    
Alexander  03-JAN-90                                                                                                                                                                                    
Bruce      21-MAY-91                                                                                                                                                                                    
Diana      07-FEB-99                                                                                                                                                                                    
Kevin      16-NOV-99                                                                                                                                                                                    
Trenna     17-OCT-95                                                                                                                                                                                    
Curtis     29-JAN-97                                                                                                                                                                                    
Randall    15-MAR-98                                                                                                                                                                                    
Peter      09-JUL-98                                                                                                                                                                                    
Ellen      11-MAY-96                                                                                                                                                                                    
Jonathon   24-MAR-98                                                                                                                                                                                    
Kimerely   24-MAY-99                                                                                                                                                                                    
Michael    17-FEB-96                                                                                                                                                                                    
Pat        17-AUG-97                                                                                                                                                                                    
Shelley    07-JUN-94                                                                                                                                                                                    
William    07-JUN-94                                                                                                                                                                                    

16 rows selected.

SQL> REM APR AND AUG
SQL> 
SQL> SELECT FIRST_NAME, HIRE_DATE FROM EMPLOYEES WHERE HIRE_DATE LIKE '%-A%';

FIRST_NAME HIRE_DATE                                                                                                                                                                                    
---------- ---------                                                                                                                                                                                    
Pat        17-AUG-97                                                                                                                                                                                    

SQL> SPOOL OFF
