SQL> 
SQL> CL SCR

SQL> REM MIN MAX COUNT   SUM AVG
SQL> 
SQL> REM FIND AND DISPLAY HIGHEST SALARY FIGURE PAID BY COMPANY
SQL> 
SQL> SELECT MAX(SALARY) FROM EMPLOYEES;

MAX(SALARY)                                                                                                                                                                                             
-----------                                                                                                                                                                                             
      24000                                                                                                                                                                                             

SQL> REM DISPLAY AVERAGE SALARY PAID BY COMPANY
SQL> 
SQL> SELECT AVG(SALARY) FROM EMPLOYEES;

AVG(SALARY)                                                                                                                                                                                             
-----------                                                                                                                                                                                             
       8775                                                                                                                                                                                             

SQL> REM DISPLAY TOTAL SALARY PAID BY COMPANY
SQL> 
SQL> SELECT SUM(SALARY) FROM EMPLOYEES;

SUM(SALARY)                                                                                                                                                                                             
-----------                                                                                                                                                                                             
     175500                                                                                                                                                                                             

SQL> REM DISPLAY HOW MANY EMPLOYEES WORK IN COMPANY
SQL> 
SQL> SELECT COUNT(*) FROM EMPLOYEES;

  COUNT(*)                                                                                                                                                                                              
----------                                                                                                                                                                                              
        20                                                                                                                                                                                              

SQL> REM COUND NON-DUPLICATE JOB_ID
SQL> 
SQL> SELECT  COUNT( DISTINCT JOB_ID) FROM EMPLOYEES;

COUNT(DISTINCTJOB_ID)                                                                                                                                                                                   
---------------------                                                                                                                                                                                   
                   12                                                                                                                                                                                   

SQL> REM DISPLAY ON WHICH DATE COMPANY HIRED FIRST EMPLOYEE
SQL> 
SQL> SELECT MIN(HIRE_DATE) FROM EMPLOYEES;

MIN(HIRE_                                                                                                                                                                                               
---------                                                                                                                                                                                               
17-JUL-87                                                                                                                                                                                               

SQL> REM IF WE ARRANGE FIRST_NAME IN OUR PHONE BOOK, WHICH NAME WILL PLACED LAST.
SQL> 
SQL> SELECT  MAX(FIRST_NAME) FROM EMPLOYEES;

MAX(FIRST_                                                                                                                                                                                              
----------                                                                                                                                                                                              
William                                                                                                                                                                                                 

SQL> REM FIND HIGHEST COMMISSION_PCT
SQL> 
SQL> SELECT  MAX(COMMISSION_PCT) FROM EMPLOYEES;

MAX(COMMISSION_PCT)                                                                                                                                                                                     
-------------------                                                                                                                                                                                     
                 .3                                                                                                                                                                                     

SQL> REM FIND LOWEST COMMISSION AMOUNT
SQL> 
SQL> SELECT * FROM EMPLOYEES;

EMPLOYEE_ID FIRST_NAME LAST_NAME  EMAIL      PHONE_NUMBER         HIRE_DATE JOB_ID         SALARY COMMISSION_PCT MANAGER_ID DEPARTMENT_ID                                                               
----------- ---------- ---------- ---------- -------------------- --------- ---------- ---------- -------------- ---------- -------------                                                               
        100 Steven     King       SKING      515.123.4567         17-JUL-87 AD_PRES         24000                                      90                                                               
        101 Neena      Kochhar    NKOCHHAR   515.123.4568         21-SEP-89 AD_VP           17000                       100            90                                                               
        102 Lex        De Haan    LDEHAAN    515.123.4569         13-JAN-93 AD_VP           17000                       100            90                                                               
        103 Alexander  Hunold     AHUNOLD    590.423.4567         03-JAN-90 IT_PROG          9000                       102            60                                                               
        104 Bruce      Ernst      BERNST     590.423.4568         21-MAY-91 IT_PROG          6000                       103            60                                                               
        107 Diana      Lorentz    DLORENTZ   590.423.5567         07-FEB-99 IT_PROG          4200                       103            60                                                               
        124 Kevin      Mourgos    KMOURGOS   650.123.5234         16-NOV-99 ST_MAN           5800                       100            50                                                               
        141 Trenna     Rajs       TRAJS      650.121.8009         17-OCT-95 ST_CLERK         3500                       124            50                                                               
        142 Curtis     Davies     CDAVIES    650.121.2994         29-JAN-97 ST_CLERK         3100                       124            50                                                               
        143 Randall    Matos      RMATOS     650.121.2874         15-MAR-98 ST_CLERK         2600                       124            50                                                               
        144 Peter      Vargas     PVARGAS    650.121.2004         09-JUL-98 ST_CLERK         2500                       124            50                                                               
        149 Eleni      Zlotkey    EZLOTKEY   011.44.1344.429018   29-JAN-00 SA_MAN          10500             .2        100            80                                                               
        174 Ellen      Abel       EABEL      011.44.1644.429267   11-MAY-96 SA_REP          11000             .3        149            80                                                               
        176 Jonathon   Taylor     JTAYLOR    011.44.1644.429265   24-MAR-98 SA_REP           8600             .3        149            80                                                               
        178 Kimerely   Grant      KGRANT     011.44.1644.429263   24-MAY-99 SA_REP           7000            .15        149                                                                             
        200 Jennifer   Whalen     JWHALEN    515.123.4444         17-SEP-87 AD_ASST          4400                       101            10                                                               
        201 Michael    Hartstein  MHARTSTE   515.123.5555         17-FEB-96 MK_MAN          13000                       100            20                                                               
        202 Pat        Fay        PFAY       603.123.6666         17-AUG-97 MK_REP           6000                       201            20                                                               
        205 Shelley    Higgins    SHIGGINS   515.123.8080         07-JUN-94 AC_MGR          12000                       101           110                                                               
        206 William    Gietz      WGIETZ     515.123.8181         07-JUN-94 AC_ACCOUNT       8300                       205           110                                                               

20 rows selected.

SQL> SELECT SALARY * COMMISSION_PCT FROM EMPLOYEES;

SALARY*COMMISSION_PCT                                                                                                                                                                                   
---------------------                                                                                                                                                                                   
                                                                                                                                                                                                        
                                                                                                                                                                                                        
                                                                                                                                                                                                        
                                                                                                                                                                                                        
                                                                                                                                                                                                        
                                                                                                                                                                                                        
                                                                                                                                                                                                        
                                                                                                                                                                                                        
                                                                                                                                                                                                        
                                                                                                                                                                                                        
                                                                                                                                                                                                        
                 2100                                                                                                                                                                                   
                 3300                                                                                                                                                                                   
                 2580                                                                                                                                                                                   
                 1050                                                                                                                                                                                   
                                                                                                                                                                                                        
                                                                                                                                                                                                        
                                                                                                                                                                                                        
                                                                                                                                                                                                        
                                                                                                                                                                                                        

20 rows selected.

SQL> SELECT MIN(SALARY * COMMISSION_PCT) FROM EMPLOYEES;

MIN(SALARY*COMMISSION_PCT)                                                                                                                                                                              
--------------------------                                                                                                                                                                              
                      1050                                                                                                                                                                              

SQL> REM DISPLAY HIGHEST TOTAL PAYMENT
SQL> 
SQL> REM DISPLAY HIGHEST MONTHLY PAYMENT
SQL> 
SQL> SELECT SALARY + (SALARY * COMMISSION_PCT) FROM EMPLOYEES;

SALARY+(SALARY*COMMISSION_PCT)                                                                                                                                                                          
------------------------------                                                                                                                                                                          
                                                                                                                                                                                                        
                                                                                                                                                                                                        
                                                                                                                                                                                                        
                                                                                                                                                                                                        
                                                                                                                                                                                                        
                                                                                                                                                                                                        
                                                                                                                                                                                                        
                                                                                                                                                                                                        
                                                                                                                                                                                                        
                                                                                                                                                                                                        
                                                                                                                                                                                                        
                         12600                                                                                                                                                                          
                         14300                                                                                                                                                                          
                         11180                                                                                                                                                                          
                          8050                                                                                                                                                                          
                                                                                                                                                                                                        
                                                                                                                                                                                                        
                                                                                                                                                                                                        
                                                                                                                                                                                                        
                                                                                                                                                                                                        

20 rows selected.

SQL> SELECT MAX(SALARY + (SALARY * COMMISSION_PCT)) FROM EMPLOYEES;

MAX(SALARY+(SALARY*COMMISSION_PCT))                                                                                                                                                                     
-----------------------------------                                                                                                                                                                     
                              14300                                                                                                                                                                     

SQL> SELECT MAX(SALARY + (SALARY * NVL(COMMISSION_PCT,0))) FROM EMPLOYEES;

MAX(SALARY+(SALARY*NVL(COMMISSION_PCT,0)))                                                                                                                                                              
------------------------------------------                                                                                                                                                              
                                     24000                                                                                                                                                              

SQL> SELECT MAX(SALARY + (SALARY * NVL(0,COMMISSION_PCT))) FROM EMPLOYEES;

MAX(SALARY+(SALARY*NVL(0,COMMISSION_PCT)))                                                                                                                                                              
------------------------------------------                                                                                                                                                              
                                     24000                                                                                                                                                              

SQL> SELECT * FROM EMPLOYEES;

EMPLOYEE_ID FIRST_NAME LAST_NAME  EMAIL      PHONE_NUMBER         HIRE_DATE JOB_ID         SALARY COMMISSION_PCT MANAGER_ID DEPARTMENT_ID                                                               
----------- ---------- ---------- ---------- -------------------- --------- ---------- ---------- -------------- ---------- -------------                                                               
        100 Steven     King       SKING      515.123.4567         17-JUL-87 AD_PRES         24000                                      90                                                               
        101 Neena      Kochhar    NKOCHHAR   515.123.4568         21-SEP-89 AD_VP           17000                       100            90                                                               
        102 Lex        De Haan    LDEHAAN    515.123.4569         13-JAN-93 AD_VP           17000                       100            90                                                               
        103 Alexander  Hunold     AHUNOLD    590.423.4567         03-JAN-90 IT_PROG          9000                       102            60                                                               
        104 Bruce      Ernst      BERNST     590.423.4568         21-MAY-91 IT_PROG          6000                       103            60                                                               
        107 Diana      Lorentz    DLORENTZ   590.423.5567         07-FEB-99 IT_PROG          4200                       103            60                                                               
        124 Kevin      Mourgos    KMOURGOS   650.123.5234         16-NOV-99 ST_MAN           5800                       100            50                                                               
        141 Trenna     Rajs       TRAJS      650.121.8009         17-OCT-95 ST_CLERK         3500                       124            50                                                               
        142 Curtis     Davies     CDAVIES    650.121.2994         29-JAN-97 ST_CLERK         3100                       124            50                                                               
        143 Randall    Matos      RMATOS     650.121.2874         15-MAR-98 ST_CLERK         2600                       124            50                                                               
        144 Peter      Vargas     PVARGAS    650.121.2004         09-JUL-98 ST_CLERK         2500                       124            50                                                               
        149 Eleni      Zlotkey    EZLOTKEY   011.44.1344.429018   29-JAN-00 SA_MAN          10500             .2        100            80                                                               
        174 Ellen      Abel       EABEL      011.44.1644.429267   11-MAY-96 SA_REP          11000             .3        149            80                                                               
        176 Jonathon   Taylor     JTAYLOR    011.44.1644.429265   24-MAR-98 SA_REP           8600             .3        149            80                                                               
        178 Kimerely   Grant      KGRANT     011.44.1644.429263   24-MAY-99 SA_REP           7000            .15        149                                                                             
        200 Jennifer   Whalen     JWHALEN    515.123.4444         17-SEP-87 AD_ASST          4400                       101            10                                                               
        201 Michael    Hartstein  MHARTSTE   515.123.5555         17-FEB-96 MK_MAN          13000                       100            20                                                               
        202 Pat        Fay        PFAY       603.123.6666         17-AUG-97 MK_REP           6000                       201            20                                                               
        205 Shelley    Higgins    SHIGGINS   515.123.8080         07-JUN-94 AC_MGR          12000                       101           110                                                               
        206 William    Gietz      WGIETZ     515.123.8181         07-JUN-94 AC_ACCOUNT       8300                       205           110                                                               

20 rows selected.

SQL> REM DISPLAY DIFFERENCE OF HIGHEST AND LOWEST SALARY PAID
SQL> 
SQL> SELECT  MAX(SALARY) - MIN(SALARY) FROM EMPLOYEES;

MAX(SALARY)-MIN(SALARY)                                                                                                                                                                                 
-----------------------                                                                                                                                                                                 
                  21500                                                                                                                                                                                 

SQL> REM HOW MANY EMPLOYEES ARE NOT GETTING COMMISSION
SQL> 
SQL> SELECT COUNT(*) - COUNT(COMMISSION_PCT) FROM EMPLOYEES;

COUNT(*)-COUNT(COMMISSION_PCT)                                                                                                                                                                          
------------------------------                                                                                                                                                                          
                            16                                                                                                                                                                          

SQL> SELECT COUNT(NVL(COMMISSION_PCT,0)) FROM EMPLOYEES;

COUNT(NVL(COMMISSION_PCT,0))                                                                                                                                                                            
----------------------------                                                                                                                                                                            
                          20                                                                                                                                                                            

SQL> REM HOW MANY EMPLOYEES ARE NOT REPORTING TO ANY BODY
SQL> 
SQL> SELECT COUNT(*)-COUNT(MANAGER_ID) FROM EMPLOYEES;

COUNT(*)-COUNT(MANAGER_ID)                                                                                                                                                                              
--------------------------                                                                                                                                                                              
                         1                                                                                                                                                                              

SQL> REM HOW MANY JOB_ID ARE DUPLICATED
SQL> 
SQL> SELECT COUNT('&') - COUNT(DISTINCT JOB_ID) FROM EMPLOYEES;

COUNT('&')-COUNT(DISTINCTJOB_ID)                                                                                                                                                                        
--------------------------------                                                                                                                                                                        
                               8                                                                                                                                                                        

SQL> SPOOL OFF
