SQL> 
SQL> REM INNER JOIN CAN BE USED IN 3 SITUATIONS :
SQL> 
SQL> REM 1 WHEN WE HAVE MULTIPLE COMMON COLUMN BUT WE WANT TO COMPARE SOME OF THEM FOR JOINING PURPOSE.
SQL> 
SQL> REM 2 WHEN BOTH TABLES HAS DIFFERENT COLUMN NAMES BUT THEIR DATA ARE SAME.
SQL> 
SQL> REM 3 WHEN BOTH TABLES HAS DIFFERENT COLUMN NAMES AND HAS RELATED DATA.
SQL> 
SQL> 
SQL> REM 1 WHEN WE HAVE MULTIPLE COMMON COLUMN BUT WE WANT TO COMPARE SOME OF THEM FOR JOINING PURPOSE.
SQL> 
SQL> SELECT * FROM EMPLOYEES;

EMPLOYEE_ID FIRST_NAME      LAST_NAME       EMAIL      PHONE_NUMBER         HIRE_DATE                               JOB_ID         SALARY COMMISSION_PCT MANAGER_ID DEPARTMENT_ID                                                               
----------- --------------- --------------- ---------- -------------------- --------------------------------------- ---------- ---------- -------------- ---------- -------------                                                               
        100 Steven          King            SKING      515.123.4567         17-JULY     -1987 12:00.00 AM FRIDAY    AD_PRES         24000                                      90                                                               
        101 Neena           Kochhar         NKOCHHAR   515.123.4568         21-SEPTEMBER-1989 12:00.00 AM THURSDAY  AD_VP           17000                       100            90                                                               
        102 Lex             De Haan         LDEHAAN    515.123.4569         13-JANUARY  -1993 12:00.00 AM WEDNESDAY AD_VP           17000                       100            90                                                               
        103 Alexander       Hunold          AHUNOLD    590.423.4567         03-JANUARY  -1990 12:00.00 AM WEDNESDAY IT_PROG          9000                       102            60                                                               
        104 Bruce           Ernst           BERNST     590.423.4568         21-MAY      -1991 12:00.00 AM TUESDAY   IT_PROG          6000                       103            60                                                               
        107 Diana           Lorentz         DLORENTZ   590.423.5567         07-FEBRUARY -1999 12:00.00 AM SUNDAY    IT_PROG          4200                       103            60                                                               
        124 Kevin           Mourgos         KMOURGOS   650.123.5234         16-NOVEMBER -1999 12:00.00 AM TUESDAY   ST_MAN           5800                       100            50                                                               
        141 Trenna          Rajs            TRAJS      650.121.8009         17-OCTOBER  -1995 12:00.00 AM TUESDAY   ST_CLERK         3500                       124            50                                                               
        142 Curtis          Davies          CDAVIES    650.121.2994         29-JANUARY  -1997 12:00.00 AM WEDNESDAY ST_CLERK         3100                       124            50                                                               
        143 Randall         Matos           RMATOS     650.121.2874         15-MARCH    -1998 12:00.00 AM SUNDAY    ST_CLERK         2600                       124            50                                                               
        144 Peter           Vargas          PVARGAS    650.121.2004         09-JULY     -1998 12:00.00 AM THURSDAY  ST_CLERK         2500                       124            50                                                               
        149 Eleni           Zlotkey         EZLOTKEY   011.44.1344.429018   29-JANUARY  -2000 12:00.00 AM SATURDAY  SA_MAN          10500             .2        100            80                                                               
        174 Ellen           Abel            EABEL      011.44.1644.429267   11-MAY      -1996 12:00.00 AM SATURDAY  SA_REP          11000             .3        149            80                                                               
        176 Jonathon        Taylor          JTAYLOR    011.44.1644.429265   24-MARCH    -1998 12:00.00 AM TUESDAY   SA_REP           8600             .3        149            80                                                               
        178 Kimerely        Grant           KGRANT     011.44.1644.429263   24-MAY      -1999 12:00.00 AM MONDAY    SA_REP           7000            .15        149                                                                             
        200 Jennifer        Whalen          JWHALEN    515.123.4444         17-SEPTEMBER-1987 12:00.00 AM THURSDAY  AD_ASST          4400                       101            10                                                               
        201 Michael         Hartstein       MHARTSTE   515.123.5555         17-FEBRUARY -1996 12:00.00 AM SATURDAY  MK_MAN          13000                       100            20                                                               
        202 Pat             Fay             PFAY       603.123.6666         17-AUGUST   -1997 12:00.00 AM SUNDAY    MK_REP           6000                       201            20                                                               
        205 Shelley         Higgins         SHIGGINS   515.123.8080         07-JUNE     -1994 12:00.00 AM TUESDAY   AC_MGR          12000                       101           110                                                               
        206 William         Gietz           WGIETZ     515.123.8181         07-JUNE     -1994 12:00.00 AM TUESDAY   AC_ACCOUNT       8300                       205           110                                                               

20 rows selected.

SQL> SELECT * FROM DEPARTMENTS;

DEPARTMENT_ID DEPARTMENT_NAME                MANAGER_ID LOCATION_ID                                                                                                                                                                             
------------- ------------------------------ ---------- -----------                                                                                                                                                                             
           10 Administration                        200        1700                                                                                                                                                                             
           20 Marketing                             201        1800                                                                                                                                                                             
           50 Shiping                               124        1500                                                                                                                                                                             
           60 IT                                    103        1400                                                                                                                                                                             
           80 Sales                                 149        2500                                                                                                                                                                             
           90 Executive                             100        1700                                                                                                                                                                             
          110 Accounting                            205        1700                                                                                                                                                                             
          190 Contracting                                      1700                                                                                                                                                                             

8 rows selected.

SQL> CONN SCOTT/TIGER
Connected.
SQL> SELECT * FROM EMPLOYEES;

EMPLOYEE_ID FIRST_NAME      LAST_NAME       EMAIL      PHONE_NUMBER         HIRE_DATE JOB_ID         SALARY COMMISSION_PCT MANAGER_ID DEPARTMENT_ID                                                                                             
----------- --------------- --------------- ---------- -------------------- --------- ---------- ---------- -------------- ---------- -------------                                                                                             
        100 Steven          King            SKING      515.123.4567         17-JUL-87 AD_PRES         24000                                      90                                                                                             
        101 Neena           Kochhar         NKOCHHAR   515.123.4568         21-SEP-89 AD_VP           17000                       100            90                                                                                             
        102 Lex             De Haan         LDEHAAN    515.123.4569         13-JAN-93 AD_VP           17000                       100            90                                                                                             
        103 Alexander       Hunold          AHUNOLD    590.423.4567         03-JAN-90 IT_PROG          9000                       102            60                                                                                             
        104 Bruce           Ernst           BERNST     590.423.4568         21-MAY-91 IT_PROG          6000                       103            60                                                                                             
        107 Diana           Lorentz         DLORENTZ   590.423.5567         07-FEB-99 IT_PROG          4200                       103            60                                                                                             
        124 Kevin           Mourgos         KMOURGOS   650.123.5234         16-NOV-99 ST_MAN           5800                       100            50                                                                                             
        141 Trenna          Rajs            TRAJS      650.121.8009         17-OCT-95 ST_CLERK         3500                       124            50                                                                                             
        142 Curtis          Davies          CDAVIES    650.121.2994         29-JAN-97 ST_CLERK         3100                       124            50                                                                                             
        143 Randall         Matos           RMATOS     650.121.2874         15-MAR-98 ST_CLERK         2600                       124            50                                                                                             
        144 Peter           Vargas          PVARGAS    650.121.2004         09-JUL-98 ST_CLERK         2500                       124            50                                                                                             
        149 Eleni           Zlotkey         EZLOTKEY   011.44.1344.429018   29-JAN-00 SA_MAN          10500             .2        100            80                                                                                             
        174 Ellen           Abel            EABEL      011.44.1644.429267   11-MAY-96 SA_REP          11000             .3        149            80                                                                                             
        176 Jonathon        Taylor          JTAYLOR    011.44.1644.429265   24-MAR-98 SA_REP           8600             .3        149            80                                                                                             
        178 Kimerely        Grant           KGRANT     011.44.1644.429263   24-MAY-99 SA_REP           7000            .15        149                                                                                                           
        200 Jennifer        Whalen          JWHALEN    515.123.4444         17-SEP-87 AD_ASST          4400                       101            10                                                                                             
        201 Michael         Hartstein       MHARTSTE   515.123.5555         17-FEB-96 MK_MAN          13000                       100            20                                                                                             
        202 Pat             Fay             PFAY       603.123.6666         17-AUG-97 MK_REP           6000                       201            20                                                                                             
        205 Shelley         Higgins         SHIGGINS   515.123.8080         07-JUN-94 AC_MGR          12000                       101           110                                                                                             
        206 William         Gietz           WGIETZ     515.123.8181         07-JUN-94 AC_ACCOUNT       8300                       205           110                                                                                             

20 rows selected.

SQL> SELECT * FROM DEPARTMENTS;

DEPARTMENT_ID DEPARTMENT_NAME                MANAGER_ID LOCATION_ID                                                                                                                                                                             
------------- ------------------------------ ---------- -----------                                                                                                                                                                             
           10 Administration                        200        1700                                                                                                                                                                             
           20 Marketing                             201        1800                                                                                                                                                                             
           50 Shiping                               124        1500                                                                                                                                                                             
           60 IT                                    103        1400                                                                                                                                                                             
           80 Sales                                 149        2500                                                                                                                                                                             
           90 Executive                             100        1700                                                                                                                                                                             
          110 Accounting                            205        1700                                                                                                                                                                             
          190 Contracting                                      1700                                                                                                                                                                             

8 rows selected.

SQL> REM DISPLAY FIRST_NAME AND DEPARTMENT_NAME
SQL> 
SQL> SELECT FIRST_NAME , DEPARTMENT_NAME
  2  FROM EMPLOYEES
  3  JOIN DEPARTMENTS USING (DEPARTMENT_ID);

FIRST_NAME      DEPARTMENT_NAME                                                                                                                                                                                                                 
--------------- ------------------------------                                                                                                                                                                                                  
Jennifer        Administration                                                                                                                                                                                                                  
Michael         Marketing                                                                                                                                                                                                                       
Pat             Marketing                                                                                                                                                                                                                       
Kevin           Shiping                                                                                                                                                                                                                         
Peter           Shiping                                                                                                                                                                                                                         
Randall         Shiping                                                                                                                                                                                                                         
Curtis          Shiping                                                                                                                                                                                                                         
Trenna          Shiping                                                                                                                                                                                                                         
Diana           IT                                                                                                                                                                                                                              
Bruce           IT                                                                                                                                                                                                                              
Alexander       IT                                                                                                                                                                                                                              
Ellen           Sales                                                                                                                                                                                                                           
Eleni           Sales                                                                                                                                                                                                                           
Jonathon        Sales                                                                                                                                                                                                                           
Lex             Executive                                                                                                                                                                                                                       
Steven          Executive                                                                                                                                                                                                                       
Neena           Executive                                                                                                                                                                                                                       
William         Accounting                                                                                                                                                                                                                      
Shelley         Accounting                                                                                                                                                                                                                      

19 rows selected.

SQL> SELECT FIRST_NAME , DEPARTMENT_NAME
  2  FROM EMPLOYEES
  3  JOIN DEPARTMENTS ON EMPLOYEES.DEPARTMENT_ID = DEPARTMENTS.DEPARTMENT_ID;

FIRST_NAME      DEPARTMENT_NAME                                                                                                                                                                                                                 
--------------- ------------------------------                                                                                                                                                                                                  
Jennifer        Administration                                                                                                                                                                                                                  
Michael         Marketing                                                                                                                                                                                                                       
Pat             Marketing                                                                                                                                                                                                                       
Kevin           Shiping                                                                                                                                                                                                                         
Peter           Shiping                                                                                                                                                                                                                         
Randall         Shiping                                                                                                                                                                                                                         
Curtis          Shiping                                                                                                                                                                                                                         
Trenna          Shiping                                                                                                                                                                                                                         
Diana           IT                                                                                                                                                                                                                              
Bruce           IT                                                                                                                                                                                                                              
Alexander       IT                                                                                                                                                                                                                              
Ellen           Sales                                                                                                                                                                                                                           
Eleni           Sales                                                                                                                                                                                                                           
Jonathon        Sales                                                                                                                                                                                                                           
Lex             Executive                                                                                                                                                                                                                       
Steven          Executive                                                                                                                                                                                                                       
Neena           Executive                                                                                                                                                                                                                       
William         Accounting                                                                                                                                                                                                                      
Shelley         Accounting                                                                                                                                                                                                                      

19 rows selected.

SQL> SELECT FIRST_NAME , DEPARTMENT_NAME
  2  FROM EMPLOYEES E
  3  JOIN DEPARTMENTS D ON E.DEPARTMENT_ID = D.DEPARTMENT_ID;

FIRST_NAME      DEPARTMENT_NAME                                                                                                                                                                                                                 
--------------- ------------------------------                                                                                                                                                                                                  
Jennifer        Administration                                                                                                                                                                                                                  
Michael         Marketing                                                                                                                                                                                                                       
Pat             Marketing                                                                                                                                                                                                                       
Kevin           Shiping                                                                                                                                                                                                                         
Peter           Shiping                                                                                                                                                                                                                         
Randall         Shiping                                                                                                                                                                                                                         
Curtis          Shiping                                                                                                                                                                                                                         
Trenna          Shiping                                                                                                                                                                                                                         
Diana           IT                                                                                                                                                                                                                              
Bruce           IT                                                                                                                                                                                                                              
Alexander       IT                                                                                                                                                                                                                              
Ellen           Sales                                                                                                                                                                                                                           
Eleni           Sales                                                                                                                                                                                                                           
Jonathon        Sales                                                                                                                                                                                                                           
Lex             Executive                                                                                                                                                                                                                       
Steven          Executive                                                                                                                                                                                                                       
Neena           Executive                                                                                                                                                                                                                       
William         Accounting                                                                                                                                                                                                                      
Shelley         Accounting                                                                                                                                                                                                                      

19 rows selected.

SQL> SELECT * FROM EMPLOYEES;

EMPLOYEE_ID FIRST_NAME      LAST_NAME       EMAIL      PHONE_NUMBER         HIRE_DATE JOB_ID         SALARY COMMISSION_PCT MANAGER_ID DEPARTMENT_ID                                                                                             
----------- --------------- --------------- ---------- -------------------- --------- ---------- ---------- -------------- ---------- -------------                                                                                             
        100 Steven          King            SKING      515.123.4567         17-JUL-87 AD_PRES         24000                                      90                                                                                             
        101 Neena           Kochhar         NKOCHHAR   515.123.4568         21-SEP-89 AD_VP           17000                       100            90                                                                                             
        102 Lex             De Haan         LDEHAAN    515.123.4569         13-JAN-93 AD_VP           17000                       100            90                                                                                             
        103 Alexander       Hunold          AHUNOLD    590.423.4567         03-JAN-90 IT_PROG          9000                       102            60                                                                                             
        104 Bruce           Ernst           BERNST     590.423.4568         21-MAY-91 IT_PROG          6000                       103            60                                                                                             
        107 Diana           Lorentz         DLORENTZ   590.423.5567         07-FEB-99 IT_PROG          4200                       103            60                                                                                             
        124 Kevin           Mourgos         KMOURGOS   650.123.5234         16-NOV-99 ST_MAN           5800                       100            50                                                                                             
        141 Trenna          Rajs            TRAJS      650.121.8009         17-OCT-95 ST_CLERK         3500                       124            50                                                                                             
        142 Curtis          Davies          CDAVIES    650.121.2994         29-JAN-97 ST_CLERK         3100                       124            50                                                                                             
        143 Randall         Matos           RMATOS     650.121.2874         15-MAR-98 ST_CLERK         2600                       124            50                                                                                             
        144 Peter           Vargas          PVARGAS    650.121.2004         09-JUL-98 ST_CLERK         2500                       124            50                                                                                             
        149 Eleni           Zlotkey         EZLOTKEY   011.44.1344.429018   29-JAN-00 SA_MAN          10500             .2        100            80                                                                                             
        174 Ellen           Abel            EABEL      011.44.1644.429267   11-MAY-96 SA_REP          11000             .3        149            80                                                                                             
        176 Jonathon        Taylor          JTAYLOR    011.44.1644.429265   24-MAR-98 SA_REP           8600             .3        149            80                                                                                             
        178 Kimerely        Grant           KGRANT     011.44.1644.429263   24-MAY-99 SA_REP           7000            .15        149                                                                                                           
        200 Jennifer        Whalen          JWHALEN    515.123.4444         17-SEP-87 AD_ASST          4400                       101            10                                                                                             
        201 Michael         Hartstein       MHARTSTE   515.123.5555         17-FEB-96 MK_MAN          13000                       100            20                                                                                             
        202 Pat             Fay             PFAY       603.123.6666         17-AUG-97 MK_REP           6000                       201            20                                                                                             
        205 Shelley         Higgins         SHIGGINS   515.123.8080         07-JUN-94 AC_MGR          12000                       101           110                                                                                             
        206 William         Gietz           WGIETZ     515.123.8181         07-JUN-94 AC_ACCOUNT       8300                       205           110                                                                                             

20 rows selected.

SQL> SELECT * FROM JOB_HISTORY;

EMPLOYEE_ID START_DAT END_DATE  JOB_ID     DEPARTMENT_ID                                                                                                                                                                                        
----------- --------- --------- ---------- -------------                                                                                                                                                                                        
        102 13-JAN-93 24-JUL-98 IT_PROG               60                                                                                                                                                                                        
        101 21-SEP-89 27-OCT-93 AC_ACCOUNT           110                                                                                                                                                                                        
        101 28-OCT-93 15-MAR-97 AC_MGR               110                                                                                                                                                                                        
        201 17-FEB-96 19-DEC-99 MK_REP                20                                                                                                                                                                                        
        114 24-MAR-98 31-DEC-99 ST_CLERK              50                                                                                                                                                                                        
        122 01-JAN-99 31-DEC-99 ST_CLERK              50                                                                                                                                                                                        
        200 17-SEP-87 17-JUN-93 AD_ASST               90                                                                                                                                                                                        
        176 24-MAR-98 31-DEC-98 SA_REP                80                                                                                                                                                                                        
        176 01-JAN-99 31-DEC-99 SA_MAN                80                                                                                                                                                                                        
        200 01-JUL-94 31-DEC-98 AC_ACCOUNT            90                                                                                                                                                                                        

10 rows selected.

SQL> REM DISPLAY EMPLOYEE_ID AND FIRST_NAME FOR THOSE WHO HAVE GOT PROMOTION/DEMOTION
SQL> 
SQL> REM 1 INNER USING 2 INNER ON TABLENAME 3 INNER ON TABLEALIAS
SQL> 
SQL> SELECT DISTINCT EMPLOYEES.EMPLOYEE_ID, FIRST_NAME FROM EMPLOYEES JOIN JOB_HISTORY ON EMPLOYEES.EMPLOYEE_ID = JOB_HISTORY.EMPLOYEE_ID;

EMPLOYEE_ID FIRST_NAME                                                                                                                                                                                                                          
----------- ---------------                                                                                                                                                                                                                     
        201 Michael                                                                                                                                                                                                                             
        102 Lex                                                                                                                                                                                                                                 
        101 Neena                                                                                                                                                                                                                               
        200 Jennifer                                                                                                                                                                                                                            
        176 Jonathon                                                                                                                                                                                                                            

SQL> 
SQL> SELECT DISTINCT EMPLOYEE_ID, FIRST_NAME FROM EMPLOYEES JOIN JOB_HISTORY USING (EMPLOYEE_ID);

EMPLOYEE_ID FIRST_NAME                                                                                                                                                                                                                          
----------- ---------------                                                                                                                                                                                                                     
        201 Michael                                                                                                                                                                                                                             
        102 Lex                                                                                                                                                                                                                                 
        101 Neena                                                                                                                                                                                                                               
        200 Jennifer                                                                                                                                                                                                                            
        176 Jonathon                                                                                                                                                                                                                            

SQL> 
SQL> SELECT DISTINCT E.EMPLOYEE_ID, FIRST_NAME FROM EMPLOYEES E JOIN JOB_HISTORY J ON E.EMPLOYEE_ID = J.EMPLOYEE_ID;

EMPLOYEE_ID FIRST_NAME                                                                                                                                                                                                                          
----------- ---------------                                                                                                                                                                                                                     
        201 Michael                                                                                                                                                                                                                             
        102 Lex                                                                                                                                                                                                                                 
        101 Neena                                                                                                                                                                                                                               
        200 Jennifer                                                                                                                                                                                                                            
        176 Jonathon                                                                                                                                                                                                                            

SQL> REM 2 WHEN BOTH TABLES HAS DIFFERENT COLUMN NAMES BUT THEIR DATA ARE SAME.
SQL> 
SQL> DESC LOCATIONS
 Name                                                                                                                                      Null?    Type
 ----------------------------------------------------------------------------------------------------------------------------------------- -------- --------------------------------------------------------------------------------------------
 LOCATION_ID                                                                                                                               NOT NULL NUMBER(4)
 STREET_ADRESS                                                                                                                                      VARCHAR2(40)
 POSTAL_CODE                                                                                                                                        VARCHAR2(12)
 CITY                                                                                                                                      NOT NULL VARCHAR2(30)
 STATE_PROVINCE                                                                                                                                     VARCHAR2(25)
 COUNTRY_ID                                                                                                                                         CHAR(2)

SQL> DESC COUNTRIES
 Name                                                                                                                                      Null?    Type
 ----------------------------------------------------------------------------------------------------------------------------------------- -------- --------------------------------------------------------------------------------------------
 COUNTRY_ID                                                                                                                                NOT NULL CHAR(2)
 COUNTRY_NAME                                                                                                                                       VARCHAR2(40)
 REGION_ID                                                                                                                                          NUMBER

SQL> ALTER TABLE COUNTRIES RENAME COLUMN COUNTRY_ID TO CID;

Table altered.

SQL> SELECT * FROM LOCATIONS;

LOCATION_ID STREET_ADRESS                            POSTAL_CODE  CITY                           STATE_PROVINCE            CO                                                                                                                   
----------- ---------------------------------------- ------------ ------------------------------ ------------------------- --                                                                                                                   
       1400 2014 Jabberwocky Rd                      26192        Southlake                      Texas                     US                                                                                                                   
       1500 2011 Interiors Blvd                      99236        South San Francisco            California                US                                                                                                                   
       1700 2004 Charade Rd                          98199        Seattle                        Washington                US                                                                                                                   
       1800 460 Bloor St. W.                         ON M5S 1X8   Toronto                        Ontario                   CA                                                                                                                   
       2500 Magdalen Centre, The Oxford Science Park OX9 9ZB      Oxford                         Oxford                    UK                                                                                                                   

SQL> SELECT * FROM COUNTRIES;

CI COUNTRY_NAME                              REGION_ID                                                                                                                                                                                          
-- ---------------------------------------- ----------                                                                                                                                                                                          
CA Canada                                            2                                                                                                                                                                                          
DE Germany                                           1                                                                                                                                                                                          
UK United Kingdom                                    1                                                                                                                                                                                          
US United States of America                          2                                                                                                                                                                                          

SQL> DESC LOCATIONS
 Name                                                                                                                                      Null?    Type
 ----------------------------------------------------------------------------------------------------------------------------------------- -------- --------------------------------------------------------------------------------------------
 LOCATION_ID                                                                                                                               NOT NULL NUMBER(4)
 STREET_ADRESS                                                                                                                                      VARCHAR2(40)
 POSTAL_CODE                                                                                                                                        VARCHAR2(12)
 CITY                                                                                                                                      NOT NULL VARCHAR2(30)
 STATE_PROVINCE                                                                                                                                     VARCHAR2(25)
 COUNTRY_ID                                                                                                                                         CHAR(2)

SQL> DESC COUNTRIES
 Name                                                                                                                                      Null?    Type
 ----------------------------------------------------------------------------------------------------------------------------------------- -------- --------------------------------------------------------------------------------------------
 CID                                                                                                                                       NOT NULL CHAR(2)
 COUNTRY_NAME                                                                                                                                       VARCHAR2(40)
 REGION_ID                                                                                                                                          NUMBER

SQL> REM DISPLAY CITY , COUNTRY_NAME
SQL> 
SQL> SELECT CITY , COUNTRY_NAME
  2  FROM LOCATIONS
  3  JOIN COUNTRIES ON COUNTRY_ID = CID;

CITY                           COUNTRY_NAME                                                                                                                                                                                                     
------------------------------ ----------------------------------------                                                                                                                                                                         
Southlake                      United States of America                                                                                                                                                                                         
South San Francisco            United States of America                                                                                                                                                                                         
Seattle                        United States of America                                                                                                                                                                                         
Toronto                        Canada                                                                                                                                                                                                           
Oxford                         United Kingdom                                                                                                                                                                                                   

SQL> DESC COUNTRIES
 Name                                                                                                                                      Null?    Type
 ----------------------------------------------------------------------------------------------------------------------------------------- -------- --------------------------------------------------------------------------------------------
 CID                                                                                                                                       NOT NULL CHAR(2)
 COUNTRY_NAME                                                                                                                                       VARCHAR2(40)
 REGION_ID                                                                                                                                          NUMBER

SQL> -- ALTER TABLE COUNTRIES RENAME COLUMN REGION_ID TO RID;
SQL> 
SQL> 
SQL> REM DISPLAY COUNTRY_NAME , REGION_NAME
SQL> 
SQL> ALTER TABLE COUNTRIES RENAME COLUMN REGION_ID TO RID;

Table altered.

SQL> ALTER TABLE COUNTRIES RENAME COLUMN COUNTRY_ID TO CID;
ALTER TABLE COUNTRIES RENAME COLUMN COUNTRY_ID TO CID
*
ERROR at line 1:
ORA-00957: duplicate column name 


SQL> REM DEPARTMENT_NAME , CITY , COUNTRY_NAME , REGION_NAME
SQL> 
SQL> SELECT DEPARTMENT_NAME, CITY , COUNTRY_NAME, REGION_NAME FROM
  2  DEPARTMENTS D
  3  INNER JOIN LOCATIONS L USING(LOCATION_ID)
  4  INNER JOIN COUNTRIES ON COUNTRY_ID=CID
  5  INNER JOIN REGIONS
  6  ON RID=REGION_ID;

DEPARTMENT_NAME                CITY                           COUNTRY_NAME                             REGION_NAME                                                                                                                              
------------------------------ ------------------------------ ---------------------------------------- -------------------------                                                                                                                
Administration                 Seattle                        United States of America                 Americas                                                                                                                                 
Marketing                      Toronto                        Canada                                   Americas                                                                                                                                 
Shiping                        South San Francisco            United States of America                 Americas                                                                                                                                 
IT                             Southlake                      United States of America                 Americas                                                                                                                                 
Sales                          Oxford                         United Kingdom                           Europe                                                                                                                                   
Executive                      Seattle                        United States of America                 Americas                                                                                                                                 
Accounting                     Seattle                        United States of America                 Americas                                                                                                                                 
Contracting                    Seattle                        United States of America                 Americas                                                                                                                                 

8 rows selected.

SQL> REM 3 WHEN BOTH TABLES HAS DIFFERENT COLUMN NAMES AND HAS RELATED DATA.
SQL> 
SQL> REM SELECT FIRST_NAME , SALARY FROM EMPLOYEES;
SQL> 
SQL> SELECT FIRST_NAME , SALARY FROM EMPLOYEES;

FIRST_NAME          SALARY                                                                                                                                                                                                                      
--------------- ----------                                                                                                                                                                                                                      
Steven               24000                                                                                                                                                                                                                      
Neena                17000                                                                                                                                                                                                                      
Lex                  17000                                                                                                                                                                                                                      
Alexander             9000                                                                                                                                                                                                                      
Bruce                 6000                                                                                                                                                                                                                      
Diana                 4200                                                                                                                                                                                                                      
Kevin                 5800                                                                                                                                                                                                                      
Trenna                3500                                                                                                                                                                                                                      
Curtis                3100                                                                                                                                                                                                                      
Randall               2600                                                                                                                                                                                                                      
Peter                 2500                                                                                                                                                                                                                      
Eleni                10500                                                                                                                                                                                                                      
Ellen                11000                                                                                                                                                                                                                      
Jonathon              8600                                                                                                                                                                                                                      
Kimerely              7000                                                                                                                                                                                                                      
Jennifer              4400                                                                                                                                                                                                                      
Michael              13000                                                                                                                                                                                                                      
Pat                   6000                                                                                                                                                                                                                      
Shelley              12000                                                                                                                                                                                                                      
William               8300                                                                                                                                                                                                                      

20 rows selected.

SQL> SELECT * FROM JOB_GRADES;

GRA LOWEST_SAL HIGHEST_SAL                                                                                                                                                                                                                      
--- ---------- -----------                                                                                                                                                                                                                      
A         1000        2999                                                                                                                                                                                                                      
B         3000        5999                                                                                                                                                                                                                      
C         6000        9999                                                                                                                                                                                                                      
D        10000       14999                                                                                                                                                                                                                      
E        15000       24999                                                                                                                                                                                                                      
F        25000       40000                                                                                                                                                                                                                      

6 rows selected.

SQL> REM FIRST_NAME , SALARY , GRADE_LEVEL
SQL> 
SQL> SELECT FIRST_NAME , SALARY , GRADE_LEVEL
  2  FROM EMPLOYEES
  3  JOIN JOB_GRADES ON SALARY BETWEEN LOWEST_SAL AND HIGHEST_SAL;

FIRST_NAME          SALARY GRA                                                                                                                                                                                                                  
--------------- ---------- ---                                                                                                                                                                                                                  
Peter                 2500 A                                                                                                                                                                                                                    
Randall               2600 A                                                                                                                                                                                                                    
Curtis                3100 B                                                                                                                                                                                                                    
Trenna                3500 B                                                                                                                                                                                                                    
Diana                 4200 B                                                                                                                                                                                                                    
Jennifer              4400 B                                                                                                                                                                                                                    
Kevin                 5800 B                                                                                                                                                                                                                    
Bruce                 6000 C                                                                                                                                                                                                                    
Pat                   6000 C                                                                                                                                                                                                                    
Kimerely              7000 C                                                                                                                                                                                                                    
William               8300 C                                                                                                                                                                                                                    
Jonathon              8600 C                                                                                                                                                                                                                    
Alexander             9000 C                                                                                                                                                                                                                    
Eleni                10500 D                                                                                                                                                                                                                    
Ellen                11000 D                                                                                                                                                                                                                    
Shelley              12000 D                                                                                                                                                                                                                    
Michael              13000 D                                                                                                                                                                                                                    
Neena                17000 E                                                                                                                                                                                                                    
Lex                  17000 E                                                                                                                                                                                                                    
Steven               24000 E                                                                                                                                                                                                                    

20 rows selected.

SQL> REM DON'T USE BETWEEN, TO FIND ABOVE RESULT
SQL> 
SQL> REM GRADE_LEVEL
SQL> 
SQL> SELECT FIRST_NAME, SALARY, GRADE_LEVEL FROM EMPLOYEES JOIN JOB_GRADES ON SALARY >= LOWEST_SAL AND SALARY <= HIGHEST_SAL;

FIRST_NAME          SALARY GRA                                                                                                                                                                                                                  
--------------- ---------- ---                                                                                                                                                                                                                  
Peter                 2500 A                                                                                                                                                                                                                    
Randall               2600 A                                                                                                                                                                                                                    
Curtis                3100 B                                                                                                                                                                                                                    
Trenna                3500 B                                                                                                                                                                                                                    
Diana                 4200 B                                                                                                                                                                                                                    
Jennifer              4400 B                                                                                                                                                                                                                    
Kevin                 5800 B                                                                                                                                                                                                                    
Bruce                 6000 C                                                                                                                                                                                                                    
Pat                   6000 C                                                                                                                                                                                                                    
Kimerely              7000 C                                                                                                                                                                                                                    
William               8300 C                                                                                                                                                                                                                    
Jonathon              8600 C                                                                                                                                                                                                                    
Alexander             9000 C                                                                                                                                                                                                                    
Eleni                10500 D                                                                                                                                                                                                                    
Ellen                11000 D                                                                                                                                                                                                                    
Shelley              12000 D                                                                                                                                                                                                                    
Michael              13000 D                                                                                                                                                                                                                    
Neena                17000 E                                                                                                                                                                                                                    
Lex                  17000 E                                                                                                                                                                                                                    
Steven               24000 E                                                                                                                                                                                                                    

20 rows selected.

SQL> ALTER TABLE COUNTRIES RENAME COLUMN CID TO COUNTRY_ID;

Table altered.

SQL> ALTER TABLE COUNTRIES RENAME COLUMN RID TO REGION_ID;

Table altered.

SQL> REM FIRST_NAME , CITY , REGION_NAME
SQL> 
SQL> REM  1 USING 2 ON 3 USING + ON
SQL> 
SQL> SELECT FIRST_NAME , CITY , REGION_NAME FROM EMPLOYEES JOIN DEPARTMENTS USING (DEPARTMENT_ID) JOIN LOCATIONS USING (LOCATION_ID) JOIN COUNTRIES USING (COUNTRY_ID) JOIN REGIONS USING (REGION_ID);

FIRST_NAME      CITY                           REGION_NAME                                                                                                                                                                                      
--------------- ------------------------------ -------------------------                                                                                                                                                                        
Ellen           Oxford                         Europe                                                                                                                                                                                           
Eleni           Oxford                         Europe                                                                                                                                                                                           
Jonathon        Oxford                         Europe                                                                                                                                                                                           
Michael         Toronto                        Americas                                                                                                                                                                                         
Pat             Toronto                        Americas                                                                                                                                                                                         
Diana           Southlake                      Americas                                                                                                                                                                                         
Bruce           Southlake                      Americas                                                                                                                                                                                         
Alexander       Southlake                      Americas                                                                                                                                                                                         
Kevin           South San Francisco            Americas                                                                                                                                                                                         
Peter           South San Francisco            Americas                                                                                                                                                                                         
Randall         South San Francisco            Americas                                                                                                                                                                                         
Curtis          South San Francisco            Americas                                                                                                                                                                                         
Trenna          South San Francisco            Americas                                                                                                                                                                                         
Jennifer        Seattle                        Americas                                                                                                                                                                                         
Lex             Seattle                        Americas                                                                                                                                                                                         
Steven          Seattle                        Americas                                                                                                                                                                                         
Neena           Seattle                        Americas                                                                                                                                                                                         
William         Seattle                        Americas                                                                                                                                                                                         
Shelley         Seattle                        Americas                                                                                                                                                                                         

19 rows selected.

SQL> 
SQL> SELECT FIRST_NAME , CITY , REGION_NAME FROM EMPLOYEES E JOIN DEPARTMENTS D ON E.DEPARTMENT_ID = D.DEPARTMENT_ID JOIN LOCATIONS L ON L.LOCATION_ID = D.LOCATION_ID JOIN COUNTRIES C ON C.COUNTRY_ID = L.COUNTRY_ID JOIN REGIONS R ON R.REGION_ID = C.REGION_ID;

FIRST_NAME      CITY                           REGION_NAME                                                                                                                                                                                      
--------------- ------------------------------ -------------------------                                                                                                                                                                        
Ellen           Oxford                         Europe                                                                                                                                                                                           
Eleni           Oxford                         Europe                                                                                                                                                                                           
Jonathon        Oxford                         Europe                                                                                                                                                                                           
Michael         Toronto                        Americas                                                                                                                                                                                         
Pat             Toronto                        Americas                                                                                                                                                                                         
Diana           Southlake                      Americas                                                                                                                                                                                         
Bruce           Southlake                      Americas                                                                                                                                                                                         
Alexander       Southlake                      Americas                                                                                                                                                                                         
Kevin           South San Francisco            Americas                                                                                                                                                                                         
Peter           South San Francisco            Americas                                                                                                                                                                                         
Randall         South San Francisco            Americas                                                                                                                                                                                         
Curtis          South San Francisco            Americas                                                                                                                                                                                         
Trenna          South San Francisco            Americas                                                                                                                                                                                         
Jennifer        Seattle                        Americas                                                                                                                                                                                         
Lex             Seattle                        Americas                                                                                                                                                                                         
Steven          Seattle                        Americas                                                                                                                                                                                         
Neena           Seattle                        Americas                                                                                                                                                                                         
William         Seattle                        Americas                                                                                                                                                                                         
Shelley         Seattle                        Americas                                                                                                                                                                                         

19 rows selected.

SQL> 
SQL> SELECT FIRST_NAME , CITY , REGION_NAME FROM EMPLOYEES E JOIN DEPARTMENTS D USING (DEPARTMENT_ID) JOIN LOCATIONS L ON L.LOCATION_ID = D.LOCATION_ID JOIN COUNTRIES C ON C.COUNTRY_ID = L.COUNTRY_ID JOIN REGIONS USING (REGION_ID);

FIRST_NAME      CITY                           REGION_NAME                                                                                                                                                                                      
--------------- ------------------------------ -------------------------                                                                                                                                                                        
Ellen           Oxford                         Europe                                                                                                                                                                                           
Eleni           Oxford                         Europe                                                                                                                                                                                           
Jonathon        Oxford                         Europe                                                                                                                                                                                           
Michael         Toronto                        Americas                                                                                                                                                                                         
Pat             Toronto                        Americas                                                                                                                                                                                         
Diana           Southlake                      Americas                                                                                                                                                                                         
Bruce           Southlake                      Americas                                                                                                                                                                                         
Alexander       Southlake                      Americas                                                                                                                                                                                         
Kevin           South San Francisco            Americas                                                                                                                                                                                         
Peter           South San Francisco            Americas                                                                                                                                                                                         
Randall         South San Francisco            Americas                                                                                                                                                                                         
Curtis          South San Francisco            Americas                                                                                                                                                                                         
Trenna          South San Francisco            Americas                                                                                                                                                                                         
Jennifer        Seattle                        Americas                                                                                                                                                                                         
Lex             Seattle                        Americas                                                                                                                                                                                         
Steven          Seattle                        Americas                                                                                                                                                                                         
Neena           Seattle                        Americas                                                                                                                                                                                         
William         Seattle                        Americas                                                                                                                                                                                         
Shelley         Seattle                        Americas                                                                                                                                                                                         

19 rows selected.

SQL> SELECT * FROM JOBS;

JOB_ID     JOB_TITLE                           MIN_SALARY MAX_SALARY                                                                                                                                                                            
---------- ----------------------------------- ---------- ----------                                                                                                                                                                            
AD_PRES    President                                20000      40000                                                                                                                                                                            
AD_VP      Administration Vice President            15000      30000                                                                                                                                                                            
AD_ASST    Administration Assistant                  3000       6000                                                                                                                                                                            
AC_MGR     Accounting Manager                        8200      16000                                                                                                                                                                            
AC_ACCOUNT Public Accountant                         4200       9000                                                                                                                                                                            
SA_MAN     Sales Manager                            10000      20000                                                                                                                                                                            
SA_REP     Sales Representative                      6000      12000                                                                                                                                                                            
ST_MAN     Stock Manager                             5500       8500                                                                                                                                                                            
ST_CLERK   Stock Clerk                               2000       5000                                                                                                                                                                            
IT_PROG    Programmer                                4000      10000                                                                                                                                                                            
MK_MAN     Marketing Manager                         9000      15000                                                                                                                                                                            
MK_REP     Marketing Representative                  4000       9000                                                                                                                                                                            

12 rows selected.

SQL> REM FIRST_NAME , JOB_TITLE , COUNTR_NAME, REGION_NAME
SQL> 
SQL> REM FIRST_NAME , JOB_TITLE , COUNTR_NAME, REGION_NAME
SQL> 
SQL> REM FIRST_NAME , JOB_TITLE , COUNTRY_NAME, REGION_NAME
SQL> 
SQL> SELECT FIRST_NAME, JOB_TITLE, COUNTRY_NAME, REGION_NAME FROM JOBS J
  2  INNER JOIN EMPLOYEES E USING(JOB_ID)
  3  INNER JOIN DEPARTMENTS D USING(DEPARTMENT_ID)
  4  INNER JOIN LOCATIONS L ON
  5  D.LOCATION_ID=L.LOCATION_ID
  6  INNER JOIN COUNTRIES C USING(COUNTRY_ID)
  7  INNER JOIN REGIONS R ON
  8  C.REGION_ID=R.REGION_ID;

FIRST_NAME      JOB_TITLE                           COUNTRY_NAME                             REGION_NAME                                                                                                                                        
--------------- ----------------------------------- ---------------------------------------- -------------------------                                                                                                                          
Eleni           Sales Manager                       United Kingdom                           Europe                                                                                                                                             
Ellen           Sales Representative                United Kingdom                           Europe                                                                                                                                             
Jonathon        Sales Representative                United Kingdom                           Europe                                                                                                                                             
Michael         Marketing Manager                   Canada                                   Americas                                                                                                                                           
Pat             Marketing Representative            Canada                                   Americas                                                                                                                                           
Diana           Programmer                          United States of America                 Americas                                                                                                                                           
Bruce           Programmer                          United States of America                 Americas                                                                                                                                           
Alexander       Programmer                          United States of America                 Americas                                                                                                                                           
Kevin           Stock Manager                       United States of America                 Americas                                                                                                                                           
Peter           Stock Clerk                         United States of America                 Americas                                                                                                                                           
Randall         Stock Clerk                         United States of America                 Americas                                                                                                                                           
Curtis          Stock Clerk                         United States of America                 Americas                                                                                                                                           
Trenna          Stock Clerk                         United States of America                 Americas                                                                                                                                           
Steven          President                           United States of America                 Americas                                                                                                                                           
Lex             Administration Vice President       United States of America                 Americas                                                                                                                                           
Neena           Administration Vice President       United States of America                 Americas                                                                                                                                           
Jennifer        Administration Assistant            United States of America                 Americas                                                                                                                                           
Shelley         Accounting Manager                  United States of America                 Americas                                                                                                                                           
William         Public Accountant                   United States of America                 Americas                                                                                                                                           

19 rows selected.

SQL> REM FIRST_NAME , JOB_TITLE , REGION_NAME , SALARY , GRADE_LEVEL
SQL> 
SQL> SELECT FIREST_NAME,JOB_TITLE,REGION_NAME,SALARY,GRADE_LEVEL
  2  FROM JOB_GRADES INNER JOIN JOBS ON SALARY BETWEEN LOWEST_SAL AND HIGHEST_SAL
  3  INNER JOIN EMPLOYEES USING(JOB_ID)
  4  INNER JOIN DEPARTMENTS USING(DEPARTMENT_ID)
  5  INNER JOIN LOCATIONS USING(LOCATION_ID)
  6  INNER JOIN COUNTRIES USING(COUNTRY_ID)
  7  INNER JOIN REGIONS USING(REGION_ID);
FROM JOB_GRADES INNER JOIN JOBS ON SALARY BETWEEN LOWEST_SAL AND HIGHEST_SAL
                                   *
ERROR at line 2:
ORA-00904: "SALARY": invalid identifier 


SQL> SELECT FIRST_NAME, JOB_TITLE, REGION_NAME, SALARY, GRADE_LEVEL FROM EMPLOYEES
  2  INNER JOIN DEPARTMENTS D USING (DEPARTMENT_ID)
  3  INNER JOIN LOCATIONS L ON D.LOCATION_ID = L.LOCATION_ID
  4  INNER JOIN COUNTRIES C USING (COUNTRY_ID)
  5  INNER JOIN REGIONS R ON C.REGION_ID = R.REGION_ID
  6  INNER JOIN JOBS USING (JOB_ID)
  7  INNER JOIN JOB_GRADES G ON EMPLOYEES.SALARY BETWEEN LOWEST_SAL AND HIGHEST_SAL;

FIRST_NAME      JOB_TITLE                           REGION_NAME                   SALARY GRA                                                                                                                                                    
--------------- ----------------------------------- ------------------------- ---------- ---                                                                                                                                                    
Steven          President                           Americas                       24000 E                                                                                                                                                      
Neena           Administration Vice President       Americas                       17000 E                                                                                                                                                      
Lex             Administration Vice President       Americas                       17000 E                                                                                                                                                      
Michael         Marketing Manager                   Americas                       13000 D                                                                                                                                                      
Shelley         Accounting Manager                  Americas                       12000 D                                                                                                                                                      
Ellen           Sales Representative                Europe                         11000 D                                                                                                                                                      
Eleni           Sales Manager                       Europe                         10500 D                                                                                                                                                      
Alexander       Programmer                          Americas                        9000 C                                                                                                                                                      
Jonathon        Sales Representative                Europe                          8600 C                                                                                                                                                      
William         Public Accountant                   Americas                        8300 C                                                                                                                                                      
Pat             Marketing Representative            Americas                        6000 C                                                                                                                                                      
Bruce           Programmer                          Americas                        6000 C                                                                                                                                                      
Kevin           Stock Manager                       Americas                        5800 B                                                                                                                                                      
Jennifer        Administration Assistant            Americas                        4400 B                                                                                                                                                      
Diana           Programmer                          Americas                        4200 B                                                                                                                                                      
Trenna          Stock Clerk                         Americas                        3500 B                                                                                                                                                      
Curtis          Stock Clerk                         Americas                        3100 B                                                                                                                                                      
Randall         Stock Clerk                         Americas                        2600 A                                                                                                                                                      
Peter           Stock Clerk                         Americas                        2500 A                                                                                                                                                      

19 rows selected.

SQL> SPOOL OFF
