SQL> 
SQL> REM EMP_NAME , MGR_NAME
SQL> 
SQL> SELECT EMPLOYEE_ID , FIRST_NAME , MANAGER_ID FROM EMPLOYEES;

EMPLOYEE_ID FIRST_NAME      MANAGER_ID                                                                                                                                                                  
----------- --------------- ----------                                                                                                                                                                  
        100 Steven                                                                                                                                                                                      
        101 Neena                  100                                                                                                                                                                  
        102 Lex                    100                                                                                                                                                                  
        103 Alexander              102                                                                                                                                                                  
        104 Bruce                  103                                                                                                                                                                  
        107 Diana                  103                                                                                                                                                                  
        124 Kevin                  100                                                                                                                                                                  
        141 Trenna                 124                                                                                                                                                                  
        142 Curtis                 124                                                                                                                                                                  
        143 Randall                124                                                                                                                                                                  
        144 Peter                  124                                                                                                                                                                  
        149 Eleni                  100                                                                                                                                                                  
        174 Ellen                  149                                                                                                                                                                  
        176 Jonathon               149                                                                                                                                                                  
        178 Kimerely               149                                                                                                                                                                  
        200 Jennifer               101                                                                                                                                                                  
        201 Michael                100                                                                                                                                                                  
        202 Pat                    201                                                                                                                                                                  
        205 Shelley                101                                                                                                                                                                  
        206 William                205                                                                                                                                                                  

20 rows selected.

SQL> REM EMP_NAME    MGR_NAME
SQL> 
SQL> REM Shelley     Neena
SQL> 
SQL> SELECT E.FIRST_NAME EMP_NAME , M.FIRST_NAME MGR_NAME
  2  FROM EMPLOYEES E
  3  JOIN EMPLOYEES M ON E.MANAGER_ID = M.EMPLOYEE_ID;

EMP_NAME        MGR_NAME                                                                                                                                                                                
--------------- ---------------                                                                                                                                                                         
Neena           Steven                                                                                                                                                                                  
Lex             Steven                                                                                                                                                                                  
Kevin           Steven                                                                                                                                                                                  
Eleni           Steven                                                                                                                                                                                  
Michael         Steven                                                                                                                                                                                  
Jennifer        Neena                                                                                                                                                                                   
Shelley         Neena                                                                                                                                                                                   
Alexander       Lex                                                                                                                                                                                     
Bruce           Alexander                                                                                                                                                                               
Diana           Alexander                                                                                                                                                                               
Trenna          Kevin                                                                                                                                                                                   
Curtis          Kevin                                                                                                                                                                                   
Randall         Kevin                                                                                                                                                                                   
Peter           Kevin                                                                                                                                                                                   
Ellen           Eleni                                                                                                                                                                                   
Jonathon        Eleni                                                                                                                                                                                   
Kimerely        Eleni                                                                                                                                                                                   
Pat             Michael                                                                                                                                                                                 
William         Shelley                                                                                                                                                                                 

19 rows selected.

SQL> REM EMP_FULL_NAME    MGR_FULL_NAME
SQL> 
SQL> SELECT E.FIRST_NAME||' '||E.LAST_NAME EMP_NAME, M.FIRST_NAME||' '||M.LAST_NAME
  2  FROM EMPLOYEES E JOIN EMPLOYEES M
  3  ON E.MANAGER_ID=M.EMPLOYEE_ID;

EMP_NAME                        M.FIRST_NAME||''||M.LAST_NAME                                                                                                                                           
------------------------------- -------------------------------                                                                                                                                         
Neena Kochhar                   Steven King                                                                                                                                                             
Lex De Haan                     Steven King                                                                                                                                                             
Kevin Mourgos                   Steven King                                                                                                                                                             
Eleni Zlotkey                   Steven King                                                                                                                                                             
Michael Hartstein               Steven King                                                                                                                                                             
Jennifer Whalen                 Neena Kochhar                                                                                                                                                           
Shelley Higgins                 Neena Kochhar                                                                                                                                                           
Alexander Hunold                Lex De Haan                                                                                                                                                             
Bruce Ernst                     Alexander Hunold                                                                                                                                                        
Diana Lorentz                   Alexander Hunold                                                                                                                                                        
Trenna Rajs                     Kevin Mourgos                                                                                                                                                           
Curtis Davies                   Kevin Mourgos                                                                                                                                                           
Randall Matos                   Kevin Mourgos                                                                                                                                                           
Peter Vargas                    Kevin Mourgos                                                                                                                                                           
Ellen Abel                      Eleni Zlotkey                                                                                                                                                           
Jonathon Taylor                 Eleni Zlotkey                                                                                                                                                           
Kimerely Grant                  Eleni Zlotkey                                                                                                                                                           
Pat Fay                         Michael Hartstein                                                                                                                                                       
William Gietz                   Shelley Higgins                                                                                                                                                         

19 rows selected.

SQL> REM EMP_NAME , EMP_SALARY , MGR_NAME , MGR_SALARY
SQL> 
SQL> SELECT E.FIRST_NAME EMP_NAME , E.SALARY EMP_SALARY ,
  2         M.FIRST_NAME MGR_NAME , M.SALARY MGR_SALARY
  3  FROM   EMPLOYEES E
  4  JOIN   EMPLOYEES M ON E.MANAGER_ID = M.EMPLOYEE_ID;

EMP_NAME        EMP_SALARY MGR_NAME        MGR_SALARY                                                                                                                                                   
--------------- ---------- --------------- ----------                                                                                                                                                   
Neena                17000 Steven               24000                                                                                                                                                   
Lex                  17000 Steven               24000                                                                                                                                                   
Kevin                 5800 Steven               24000                                                                                                                                                   
Eleni                10500 Steven               24000                                                                                                                                                   
Michael              13000 Steven               24000                                                                                                                                                   
Jennifer              4400 Neena                17000                                                                                                                                                   
Shelley              12000 Neena                17000                                                                                                                                                   
Alexander             9000 Lex                  17000                                                                                                                                                   
Bruce                 6000 Alexander             9000                                                                                                                                                   
Diana                 4200 Alexander             9000                                                                                                                                                   
Trenna                3500 Kevin                 5800                                                                                                                                                   
Curtis                3100 Kevin                 5800                                                                                                                                                   
Randall               2600 Kevin                 5800                                                                                                                                                   
Peter                 2500 Kevin                 5800                                                                                                                                                   
Ellen                11000 Eleni                10500                                                                                                                                                   
Jonathon              8600 Eleni                10500                                                                                                                                                   
Kimerely              7000 Eleni                10500                                                                                                                                                   
Pat                   6000 Michael              13000                                                                                                                                                   
William               8300 Shelley              12000                                                                                                                                                   

19 rows selected.

SQL> SELECT E.FIRST_NAME  EMP_NAME , E.SALARY EMP_SALARY ,M.FIRST_NAME MGR_NAME, M.SALARY MGR_SALARY FROM EMPLOYEES E JOIN EMPLOYEES M ON E.MANAGER_ID = M.EMPLOYEE_ID;

EMP_NAME        EMP_SALARY MGR_NAME        MGR_SALARY                                                                                                                                                   
--------------- ---------- --------------- ----------                                                                                                                                                   
Neena                17000 Steven               24000                                                                                                                                                   
Lex                  17000 Steven               24000                                                                                                                                                   
Kevin                 5800 Steven               24000                                                                                                                                                   
Eleni                10500 Steven               24000                                                                                                                                                   
Michael              13000 Steven               24000                                                                                                                                                   
Jennifer              4400 Neena                17000                                                                                                                                                   
Shelley              12000 Neena                17000                                                                                                                                                   
Alexander             9000 Lex                  17000                                                                                                                                                   
Bruce                 6000 Alexander             9000                                                                                                                                                   
Diana                 4200 Alexander             9000                                                                                                                                                   
Trenna                3500 Kevin                 5800                                                                                                                                                   
Curtis                3100 Kevin                 5800                                                                                                                                                   
Randall               2600 Kevin                 5800                                                                                                                                                   
Peter                 2500 Kevin                 5800                                                                                                                                                   
Ellen                11000 Eleni                10500                                                                                                                                                   
Jonathon              8600 Eleni                10500                                                                                                                                                   
Kimerely              7000 Eleni                10500                                                                                                                                                   
Pat                   6000 Michael              13000                                                                                                                                                   
William               8300 Shelley              12000                                                                                                                                                   

19 rows selected.

SQL> SELECT E.FIRST_NAME||' '||E.LAST_NAME EMP_NAME,E.SALARY ,M.FIRST_NAME||' '||M.LAST_NAME MGR_NAME,M.SALARY
  2  FROM EMPLOYEES E
  3  JOIN EMPLOYEES M ON E.MANAGER_ID=M.EMPLOYEE_ID;

EMP_NAME                            SALARY MGR_NAME                            SALARY                                                                                                                   
------------------------------- ---------- ------------------------------- ----------                                                                                                                   
Neena Kochhar                        17000 Steven King                          24000                                                                                                                   
Lex De Haan                          17000 Steven King                          24000                                                                                                                   
Kevin Mourgos                         5800 Steven King                          24000                                                                                                                   
Eleni Zlotkey                        10500 Steven King                          24000                                                                                                                   
Michael Hartstein                    13000 Steven King                          24000                                                                                                                   
Jennifer Whalen                       4400 Neena Kochhar                        17000                                                                                                                   
Shelley Higgins                      12000 Neena Kochhar                        17000                                                                                                                   
Alexander Hunold                      9000 Lex De Haan                          17000                                                                                                                   
Bruce Ernst                           6000 Alexander Hunold                      9000                                                                                                                   
Diana Lorentz                         4200 Alexander Hunold                      9000                                                                                                                   
Trenna Rajs                           3500 Kevin Mourgos                         5800                                                                                                                   
Curtis Davies                         3100 Kevin Mourgos                         5800                                                                                                                   
Randall Matos                         2600 Kevin Mourgos                         5800                                                                                                                   
Peter Vargas                          2500 Kevin Mourgos                         5800                                                                                                                   
Ellen Abel                           11000 Eleni Zlotkey                        10500                                                                                                                   
Jonathon Taylor                       8600 Eleni Zlotkey                        10500                                                                                                                   
Kimerely Grant                        7000 Eleni Zlotkey                        10500                                                                                                                   
Pat Fay                               6000 Michael Hartstein                    13000                                                                                                                   
William Gietz                         8300 Shelley Higgins                      12000                                                                                                                   

19 rows selected.

SQL> REM EMP_LNAME , EMP_HIREDATE , MGR_LNAME , MGR_HIREDATE , DAYS_DIFF , WEEKS_DIFF , MONTHS_DIFF , QTRS_DIFF , YEARS_DIFF
SQL> 
SQL> SELECT E.LAST_NAME EMP_LNAME , M.LAST_NAME MGR_LNAME ,
  2  LTRIM(TRUNC(E.HIRE_DATE-M.HIRE_DATE),'-') DAYS_DIFF,
  3  LTRIM(TRUNC((E.HIRE_DATE-M.HIRE_DATE)/7),'-') WEEKS_DIFF,
  4  LTRIM(TRUNC(MONTHS_BETWEEN(E.HIRE_DATE,M.HIRE_DATE)),'-') MONTHS_DIFF,
  5  LTRIM(TRUNC((MONTHS_BETWEEN(E.HIRE_DATE,M.HIRE_DATE)/3)),'-') QTRS_DIFF,
  6  LTRIM(TRUNC((MONTHS_BETWEEN(E.HIRE_DATE,M.HIRE_DATE)/12)),'-') YEARS_DIFF
  7  FROM EMPLOYEES E
  8  JOIN EMPLOYEES M ON E.MANAGER_ID = M.EMPLOYEE_ID;

EMP_LNAME       MGR_LNAME       DAYS_DIFF                                WEEKS_DIFF                               MONTHS_DIFF                              QTRS_DIFF                                    
--------------- --------------- ---------------------------------------- ---------------------------------------- ---------------------------------------- ----------------------------------------     
YEARS_DIFF                                                                                                                                                                                              
----------------------------------------                                                                                                                                                                
Kochhar         King            797                                      113                                      26                                       8                                            
2                                                                                                                                                                                                       
                                                                                                                                                                                                        
De Haan         King            2007                                     286                                      65                                       21                                           
5                                                                                                                                                                                                       
                                                                                                                                                                                                        
Mourgos         King            4505                                     643                                      147                                      49                                           
12                                                                                                                                                                                                      
                                                                                                                                                                                                        
Zlotkey         King            4579                                     654                                      150                                      50                                           
12                                                                                                                                                                                                      
                                                                                                                                                                                                        
Hartstein       King            3137                                     448                                      103                                      34                                           
8                                                                                                                                                                                                       
                                                                                                                                                                                                        
Whalen          Kochhar         735                                      105                                      24                                       8                                            
2                                                                                                                                                                                                       
                                                                                                                                                                                                        
Higgins         Kochhar         1720                                     245                                      56                                       18                                           

EMP_LNAME       MGR_LNAME       DAYS_DIFF                                WEEKS_DIFF                               MONTHS_DIFF                              QTRS_DIFF                                    
--------------- --------------- ---------------------------------------- ---------------------------------------- ---------------------------------------- ----------------------------------------     
YEARS_DIFF                                                                                                                                                                                              
----------------------------------------                                                                                                                                                                
4                                                                                                                                                                                                       
                                                                                                                                                                                                        
Hunold          De Haan         1106                                     158                                      36                                       12                                           
3                                                                                                                                                                                                       
                                                                                                                                                                                                        
Ernst           Hunold          503                                      71                                       16                                       5                                            
1                                                                                                                                                                                                       
                                                                                                                                                                                                        
Lorentz         Hunold          3322                                     474                                      109                                      36                                           
9                                                                                                                                                                                                       
                                                                                                                                                                                                        
Rajs            Mourgos         1491                                     213                                      48                                       16                                           
4                                                                                                                                                                                                       
                                                                                                                                                                                                        
Davies          Mourgos         1021                                     145                                      33                                       11                                           
2                                                                                                                                                                                                       
                                                                                                                                                                                                        
Matos           Mourgos         611                                      87                                       20                                       6                                            
1                                                                                                                                                                                                       

EMP_LNAME       MGR_LNAME       DAYS_DIFF                                WEEKS_DIFF                               MONTHS_DIFF                              QTRS_DIFF                                    
--------------- --------------- ---------------------------------------- ---------------------------------------- ---------------------------------------- ----------------------------------------     
YEARS_DIFF                                                                                                                                                                                              
----------------------------------------                                                                                                                                                                
                                                                                                                                                                                                        
Vargas          Mourgos         495                                      70                                       16                                       5                                            
1                                                                                                                                                                                                       
                                                                                                                                                                                                        
Abel            Zlotkey         1358                                     194                                      44                                       14                                           
3                                                                                                                                                                                                       
                                                                                                                                                                                                        
Taylor          Zlotkey         676                                      96                                       22                                       7                                            
1                                                                                                                                                                                                       
                                                                                                                                                                                                        
Grant           Zlotkey         250                                      35                                       8                                        2                                            
0                                                                                                                                                                                                       
                                                                                                                                                                                                        
Fay             Hartstein       547                                      78                                       18                                       6                                            
1                                                                                                                                                                                                       
                                                                                                                                                                                                        
Gietz           Higgins         0                                        0                                        0                                        0                                            
0                                                                                                                                                                                                       
                                                                                                                                                                                                        

19 rows selected.

SQL> SET LINES 300 PAGES 24
SQL> R
  1  SELECT E.LAST_NAME EMP_LNAME , M.LAST_NAME MGR_LNAME ,
  2  LTRIM(TRUNC(E.HIRE_DATE-M.HIRE_DATE),'-') DAYS_DIFF,
  3  LTRIM(TRUNC((E.HIRE_DATE-M.HIRE_DATE)/7),'-') WEEKS_DIFF,
  4  LTRIM(TRUNC(MONTHS_BETWEEN(E.HIRE_DATE,M.HIRE_DATE)),'-') MONTHS_DIFF,
  5  LTRIM(TRUNC((MONTHS_BETWEEN(E.HIRE_DATE,M.HIRE_DATE)/3)),'-') QTRS_DIFF,
  6  LTRIM(TRUNC((MONTHS_BETWEEN(E.HIRE_DATE,M.HIRE_DATE)/12)),'-') YEARS_DIFF
  7  FROM EMPLOYEES E
  8* JOIN EMPLOYEES M ON E.MANAGER_ID = M.EMPLOYEE_ID

EMP_LNAME       MGR_LNAME       DAYS_DIFF                                WEEKS_DIFF                               MONTHS_DIFF                              QTRS_DIFF                                YEARS_DIFF                                                                                              
--------------- --------------- ---------------------------------------- ---------------------------------------- ---------------------------------------- ---------------------------------------- ----------------------------------------                                                                
Kochhar         King            797                                      113                                      26                                       8                                        2                                                                                                       
De Haan         King            2007                                     286                                      65                                       21                                       5                                                                                                       
Mourgos         King            4505                                     643                                      147                                      49                                       12                                                                                                      
Zlotkey         King            4579                                     654                                      150                                      50                                       12                                                                                                      
Hartstein       King            3137                                     448                                      103                                      34                                       8                                                                                                       
Whalen          Kochhar         735                                      105                                      24                                       8                                        2                                                                                                       
Higgins         Kochhar         1720                                     245                                      56                                       18                                       4                                                                                                       
Hunold          De Haan         1106                                     158                                      36                                       12                                       3                                                                                                       
Ernst           Hunold          503                                      71                                       16                                       5                                        1                                                                                                       
Lorentz         Hunold          3322                                     474                                      109                                      36                                       9                                                                                                       
Rajs            Mourgos         1491                                     213                                      48                                       16                                       4                                                                                                       
Davies          Mourgos         1021                                     145                                      33                                       11                                       2                                                                                                       
Matos           Mourgos         611                                      87                                       20                                       6                                        1                                                                                                       
Vargas          Mourgos         495                                      70                                       16                                       5                                        1                                                                                                       
Abel            Zlotkey         1358                                     194                                      44                                       14                                       3                                                                                                       
Taylor          Zlotkey         676                                      96                                       22                                       7                                        1                                                                                                       
Grant           Zlotkey         250                                      35                                       8                                        2                                        0                                                                                                       
Fay             Hartstein       547                                      78                                       18                                       6                                        1                                                                                                       
Gietz           Higgins         0                                        0                                        0                                        0                                        0                                                                                                       

19 rows selected.

SQL> COL DAYS_DIFF A10
SP2-0158: unknown COLUMN option "A10"
SQL> COL DAYS_DIFF FORMAT A10
SQL> COL WEEKS_DIFF FORMAT A10
SQL> COL QTRS_DIFF FORMAT A10
SQL> COL YEARS_DIFF FORMAT A10
SQL> 
SQL> R
  1  SELECT E.LAST_NAME EMP_LNAME , M.LAST_NAME MGR_LNAME ,
  2  LTRIM(TRUNC(E.HIRE_DATE-M.HIRE_DATE),'-') DAYS_DIFF,
  3  LTRIM(TRUNC((E.HIRE_DATE-M.HIRE_DATE)/7),'-') WEEKS_DIFF,
  4  LTRIM(TRUNC(MONTHS_BETWEEN(E.HIRE_DATE,M.HIRE_DATE)),'-') MONTHS_DIFF,
  5  LTRIM(TRUNC((MONTHS_BETWEEN(E.HIRE_DATE,M.HIRE_DATE)/3)),'-') QTRS_DIFF,
  6  LTRIM(TRUNC((MONTHS_BETWEEN(E.HIRE_DATE,M.HIRE_DATE)/12)),'-') YEARS_DIFF
  7  FROM EMPLOYEES E
  8* JOIN EMPLOYEES M ON E.MANAGER_ID = M.EMPLOYEE_ID

EMP_LNAME       MGR_LNAME       DAYS_DIFF  WEEKS_DIFF MONTHS_DIFF                              QTRS_DIFF  YEARS_DIFF                                                                                                                                                                                        
--------------- --------------- ---------- ---------- ---------------------------------------- ---------- ----------                                                                                                                                                                                        
Kochhar         King            797        113        26                                       8          2                                                                                                                                                                                                 
De Haan         King            2007       286        65                                       21         5                                                                                                                                                                                                 
Mourgos         King            4505       643        147                                      49         12                                                                                                                                                                                                
Zlotkey         King            4579       654        150                                      50         12                                                                                                                                                                                                
Hartstein       King            3137       448        103                                      34         8                                                                                                                                                                                                 
Whalen          Kochhar         735        105        24                                       8          2                                                                                                                                                                                                 
Higgins         Kochhar         1720       245        56                                       18         4                                                                                                                                                                                                 
Hunold          De Haan         1106       158        36                                       12         3                                                                                                                                                                                                 
Ernst           Hunold          503        71         16                                       5          1                                                                                                                                                                                                 
Lorentz         Hunold          3322       474        109                                      36         9                                                                                                                                                                                                 
Rajs            Mourgos         1491       213        48                                       16         4                                                                                                                                                                                                 
Davies          Mourgos         1021       145        33                                       11         2                                                                                                                                                                                                 
Matos           Mourgos         611        87         20                                       6          1                                                                                                                                                                                                 
Vargas          Mourgos         495        70         16                                       5          1                                                                                                                                                                                                 
Abel            Zlotkey         1358       194        44                                       14         3                                                                                                                                                                                                 
Taylor          Zlotkey         676        96         22                                       7          1                                                                                                                                                                                                 
Grant           Zlotkey         250        35         8                                        2          0                                                                                                                                                                                                 
Fay             Hartstein       547        78         18                                       6          1                                                                                                                                                                                                 
Gietz           Higgins         0          0          0                                        0          0                                                                                                                                                                                                 

19 rows selected.

SQL> COL MONTHS_DIFF FORMAT A10
SQL> 
SQL> /

EMP_LNAME       MGR_LNAME       DAYS_DIFF  WEEKS_DIFF MONTHS_DIF QTRS_DIFF  YEARS_DIFF                                                                                                                                                                                                                      
--------------- --------------- ---------- ---------- ---------- ---------- ----------                                                                                                                                                                                                                      
Kochhar         King            797        113        26         8          2                                                                                                                                                                                                                               
De Haan         King            2007       286        65         21         5                                                                                                                                                                                                                               
Mourgos         King            4505       643        147        49         12                                                                                                                                                                                                                              
Zlotkey         King            4579       654        150        50         12                                                                                                                                                                                                                              
Hartstein       King            3137       448        103        34         8                                                                                                                                                                                                                               
Whalen          Kochhar         735        105        24         8          2                                                                                                                                                                                                                               
Higgins         Kochhar         1720       245        56         18         4                                                                                                                                                                                                                               
Hunold          De Haan         1106       158        36         12         3                                                                                                                                                                                                                               
Ernst           Hunold          503        71         16         5          1                                                                                                                                                                                                                               
Lorentz         Hunold          3322       474        109        36         9                                                                                                                                                                                                                               
Rajs            Mourgos         1491       213        48         16         4                                                                                                                                                                                                                               
Davies          Mourgos         1021       145        33         11         2                                                                                                                                                                                                                               
Matos           Mourgos         611        87         20         6          1                                                                                                                                                                                                                               
Vargas          Mourgos         495        70         16         5          1                                                                                                                                                                                                                               
Abel            Zlotkey         1358       194        44         14         3                                                                                                                                                                                                                               
Taylor          Zlotkey         676        96         22         7          1                                                                                                                                                                                                                               
Grant           Zlotkey         250        35         8          2          0                                                                                                                                                                                                                               
Fay             Hartstein       547        78         18         6          1                                                                                                                                                                                                                               
Gietz           Higgins         0          0          0          0          0                                                                                                                                                                                                                               

19 rows selected.

SQL> COL MONTHS_DIFF FORMAT 10
SP2-0246: Illegal FORMAT string "10"
SQL> 
SQL> HELP COL

 COLUMN
 ------

 Specifies display attributes for a given column, such as:
     - text for the column heading
     - alignment for the column heading
     - format for NUMBER data
     - wrapping of column data
 Also lists the current display attributes for a single column
 or all columns.

 COL[UMN] [{column | expr} [option ...] ]

 where option represents one of the following clauses:
     ALI[AS] alias
     CLE[AR]
     ENTMAP {ON|OFF}
     FOLD_A[FTER]
     FOLD_B[EFORE]
     FOR[MAT] format
     HEA[DING] text
     JUS[TIFY] {L[EFT] | C[ENTER] | R[IGHT]}
     LIKE {expr | alias}
     NEWL[INE]
     NEW_V[ALUE] variable
     NOPRI[NT] | PRI[NT]
     NUL[L] text
     OLD_V[ALUE] variable
     ON|OFF
     WRA[PPED] | WOR[D_WRAPPED] | TRU[NCATED]


SQL> REM EMP_NAME , EMP_DEPT_NAME , MGR_NAME , MGR_DEPT_NAME
SQL> 
SQL> SELECT E.FIRST_NAME EMP_NAME , ED.DEPARTMENT_NAME EMP_DEPT_NAME ,
  2         M.FIRST_NAME MGR_NAME , MD.DEPARTMENT_NAME MGR_DEPT_NAME
  3  FROM   EMPLOYEES E
  4  JOIN   EMPLOYEES M ON E.MANAGER_ID = M.EMPLOYEE_ID
  5  JOIN   DEPARTMENTS ED ON E.DEPARTMENT_ID = ED.DEPARTMENT_ID
  6  JOIN   DEPARTMENTS MD ON M.DEPARTMENT_ID = MD.DEPARTMENT_ID;

EMP_NAME        EMP_DEPT_NAME                  MGR_NAME        MGR_DEPT_NAME                                                                                                                                                                                                                                
--------------- ------------------------------ --------------- ------------------------------                                                                                                                                                                                                               
Pat             Marketing                      Michael         Marketing                                                                                                                                                                                                                                    
Peter           Shiping                        Kevin           Shiping                                                                                                                                                                                                                                      
Randall         Shiping                        Kevin           Shiping                                                                                                                                                                                                                                      
Curtis          Shiping                        Kevin           Shiping                                                                                                                                                                                                                                      
Trenna          Shiping                        Kevin           Shiping                                                                                                                                                                                                                                      
Diana           IT                             Alexander       IT                                                                                                                                                                                                                                           
Bruce           IT                             Alexander       IT                                                                                                                                                                                                                                           
Ellen           Sales                          Eleni           Sales                                                                                                                                                                                                                                        
Jonathon        Sales                          Eleni           Sales                                                                                                                                                                                                                                        
Michael         Marketing                      Steven          Executive                                                                                                                                                                                                                                    
Kevin           Shiping                        Steven          Executive                                                                                                                                                                                                                                    
Eleni           Sales                          Steven          Executive                                                                                                                                                                                                                                    
Lex             Executive                      Steven          Executive                                                                                                                                                                                                                                    
Neena           Executive                      Steven          Executive                                                                                                                                                                                                                                    
Jennifer        Administration                 Neena           Executive                                                                                                                                                                                                                                    
Shelley         Accounting                     Neena           Executive                                                                                                                                                                                                                                    
Alexander       IT                             Lex             Executive                                                                                                                                                                                                                                    
William         Accounting                     Shelley         Accounting                                                                                                                                                                                                                                   

18 rows selected.

SQL> REM EMP_FULL_NAME , EMP_DEPT_NAME , MGR_FULL_NAME , MGR_DEPT_NAME
SQL> 
SQL> SELECT E.FIRST_NAME ||' ' || E.LAST_NAME EMP_FULL_NAME ,ED.DEPARTMENT_NAME EMP_DEPT_NAME ,
  2         M.FIRST_NAME ||' ' || M.LAST_NAME EMP_FULL_NAME ,MD.DEPARTMENT_NAME EMP_DEPT_NAME,
  3  FROM EMPLOYEES E
  4  JOIN EMPLOYEES M ON E.MANAGER_ID = M.EMPLOYEE_ID
  5  JOIN DEPARTMENTS ON E.DEPARTMENT_ID = ED.DEPARTMENT_ID
  6  JOIN DEPARTMENTS ON E.DEPARTMENT_ID = MD.DEPARTMENT_ID;
FROM EMPLOYEES E
*
ERROR at line 3:
ORA-00936: missing expression 


SQL> SELECT E.FIRST_NAME||' '||E.LAST_NAME EMP_FULL_NAME, ED.DEPARTMENT_NAME EMP_DEPT_NAME,
  2         M.FIRST_NAME||' '||M.LAST_NAME MGR_FULL_NAME, MD.DEPARTMENT_NAME MGR_DEPT_NAME
  3         FROM EMPLOYEES E
  4         JOIN  EMPLOYEES M ON E.MANAGER_ID=M.EMPLOYEE_ID
  5         JOIN DEPARTMENTS ED ON E.DEPARTMENT_ID=ED.DEPARTMENT_ID
  6         JOIN DEPARTMENTS MD ON M.DEPARTMENT_ID=MD.DEPARTMENT_ID;

EMP_FULL_NAME                   EMP_DEPT_NAME                  MGR_FULL_NAME                   MGR_DEPT_NAME                                                                                                                                                                                                
------------------------------- ------------------------------ ------------------------------- ------------------------------                                                                                                                                                                               
Pat Fay                         Marketing                      Michael Hartstein               Marketing                                                                                                                                                                                                    
Peter Vargas                    Shiping                        Kevin Mourgos                   Shiping                                                                                                                                                                                                      
Randall Matos                   Shiping                        Kevin Mourgos                   Shiping                                                                                                                                                                                                      
Curtis Davies                   Shiping                        Kevin Mourgos                   Shiping                                                                                                                                                                                                      
Trenna Rajs                     Shiping                        Kevin Mourgos                   Shiping                                                                                                                                                                                                      
Diana Lorentz                   IT                             Alexander Hunold                IT                                                                                                                                                                                                           
Bruce Ernst                     IT                             Alexander Hunold                IT                                                                                                                                                                                                           
Ellen Abel                      Sales                          Eleni Zlotkey                   Sales                                                                                                                                                                                                        
Jonathon Taylor                 Sales                          Eleni Zlotkey                   Sales                                                                                                                                                                                                        
Michael Hartstein               Marketing                      Steven King                     Executive                                                                                                                                                                                                    
Kevin Mourgos                   Shiping                        Steven King                     Executive                                                                                                                                                                                                    
Eleni Zlotkey                   Sales                          Steven King                     Executive                                                                                                                                                                                                    
Lex De Haan                     Executive                      Steven King                     Executive                                                                                                                                                                                                    
Neena Kochhar                   Executive                      Steven King                     Executive                                                                                                                                                                                                    
Jennifer Whalen                 Administration                 Neena Kochhar                   Executive                                                                                                                                                                                                    
Shelley Higgins                 Accounting                     Neena Kochhar                   Executive                                                                                                                                                                                                    
Alexander Hunold                IT                             Lex De Haan                     Executive                                                                                                                                                                                                    
William Gietz                   Accounting                     Shelley Higgins                 Accounting                                                                                                                                                                                                   

18 rows selected.

SQL> SELECT E.FIRST_NAME || ' ' || E.LAST_NAME EMP_FULL_NAME, ED.DEPARTMENT_NAME EMP_DEPT_NAME, M.FIRST_NAME || ' ' || M.LAST_NAME MGR_FULL_NAME, MD.DEPARTMENT_NAME MGR_DEPT_NAME FROM EMPLOYEES E JOIN EMPLOYEES M ON E.MANAGER_ID = M.EMPLOYEE_ID JOIN DEPARTMENTS MD ON M.DEPARTMENT_ID = MD.DEPARTMENT_ID JOIN DEPARTMENTS ED ON E.DEPARTMENT_ID = ED.DEPARTMENT_ID;

EMP_FULL_NAME                   EMP_DEPT_NAME                  MGR_FULL_NAME                   MGR_DEPT_NAME                                                                                                                                                                                                
------------------------------- ------------------------------ ------------------------------- ------------------------------                                                                                                                                                                               
Jennifer Whalen                 Administration                 Neena Kochhar                   Executive                                                                                                                                                                                                    
Michael Hartstein               Marketing                      Steven King                     Executive                                                                                                                                                                                                    
Pat Fay                         Marketing                      Michael Hartstein               Marketing                                                                                                                                                                                                    
Kevin Mourgos                   Shiping                        Steven King                     Executive                                                                                                                                                                                                    
Trenna Rajs                     Shiping                        Kevin Mourgos                   Shiping                                                                                                                                                                                                      
Curtis Davies                   Shiping                        Kevin Mourgos                   Shiping                                                                                                                                                                                                      
Randall Matos                   Shiping                        Kevin Mourgos                   Shiping                                                                                                                                                                                                      
Peter Vargas                    Shiping                        Kevin Mourgos                   Shiping                                                                                                                                                                                                      
Alexander Hunold                IT                             Lex De Haan                     Executive                                                                                                                                                                                                    
Bruce Ernst                     IT                             Alexander Hunold                IT                                                                                                                                                                                                           
Diana Lorentz                   IT                             Alexander Hunold                IT                                                                                                                                                                                                           
Eleni Zlotkey                   Sales                          Steven King                     Executive                                                                                                                                                                                                    
Ellen Abel                      Sales                          Eleni Zlotkey                   Sales                                                                                                                                                                                                        
Jonathon Taylor                 Sales                          Eleni Zlotkey                   Sales                                                                                                                                                                                                        
Neena Kochhar                   Executive                      Steven King                     Executive                                                                                                                                                                                                    
Lex De Haan                     Executive                      Steven King                     Executive                                                                                                                                                                                                    
Shelley Higgins                 Accounting                     Neena Kochhar                   Executive                                                                                                                                                                                                    
William Gietz                   Accounting                     Shelley Higgins                 Accounting                                                                                                                                                                                                   

18 rows selected.

SQL> REM EMP_LNAME , EMP_DNAME , EMP_CITY , MGR_LNAME , MGR_DNAME , MGR_CITY
SQL> 
SQL> SELECT E.LAST_NAME EMP_LAST_NAME, ED.DEPARTMENT_NAME EMP_DEPT, EC.CITY EMP_CITY, M.LAST_NAME MGR_LAST_NAME, MD.DEPARTMENT_NAME MGR_DEPT, MC.CITY MGR_CITY
  2  FROM EMPLOYEES E JOIN EMPLOYEES M ON E.MANAGER_ID = M.EMPLOYEE_ID
  3  JOIN DEPARTMENTS ED ON E.DEPARTMENT_ID = ED.DEPARTMENT_ID
  4  JOIN DEPARTMENTS MD ON M.DEPARTMENT_ID = MD.DEPARTMENT_ID
  5  JOIN LOCATIONS EC ON ED.LOCATION_ID = EC.LOCATION_ID
  6  JOIN LOCATIONS MC ON MD.LOCATION_ID = MC.LOCATION_ID;

EMP_LAST_NAME   EMP_DEPT                       EMP_CITY                       MGR_LAST_NAME   MGR_DEPT                       MGR_CITY                                                                                                                                                                       
--------------- ------------------------------ ------------------------------ --------------- ------------------------------ ------------------------------                                                                                                                                                 
Lorentz         IT                             Southlake                      Hunold          IT                             Southlake                                                                                                                                                                      
Ernst           IT                             Southlake                      Hunold          IT                             Southlake                                                                                                                                                                      
Vargas          Shiping                        South San Francisco            Mourgos         Shiping                        South San Francisco                                                                                                                                                            
Matos           Shiping                        South San Francisco            Mourgos         Shiping                        South San Francisco                                                                                                                                                            
Davies          Shiping                        South San Francisco            Mourgos         Shiping                        South San Francisco                                                                                                                                                            
Rajs            Shiping                        South San Francisco            Mourgos         Shiping                        South San Francisco                                                                                                                                                            
Hunold          IT                             Southlake                      De Haan         Executive                      Seattle                                                                                                                                                                        
Mourgos         Shiping                        South San Francisco            King            Executive                      Seattle                                                                                                                                                                        
De Haan         Executive                      Seattle                        King            Executive                      Seattle                                                                                                                                                                        
Kochhar         Executive                      Seattle                        King            Executive                      Seattle                                                                                                                                                                        
Whalen          Administration                 Seattle                        Kochhar         Executive                      Seattle                                                                                                                                                                        
Higgins         Accounting                     Seattle                        Kochhar         Executive                      Seattle                                                                                                                                                                        
Gietz           Accounting                     Seattle                        Higgins         Accounting                     Seattle                                                                                                                                                                        
Hartstein       Marketing                      Toronto                        King            Executive                      Seattle                                                                                                                                                                        
Zlotkey         Sales                          Oxford                         King            Executive                      Seattle                                                                                                                                                                        
Fay             Marketing                      Toronto                        Hartstein       Marketing                      Toronto                                                                                                                                                                        
Abel            Sales                          Oxford                         Zlotkey         Sales                          Oxford                                                                                                                                                                         
Taylor          Sales                          Oxford                         Zlotkey         Sales                          Oxford                                                                                                                                                                         

18 rows selected.

SQL> SELECT E.LAST_NAME EMP_LNAME, ED.DEPARTMENT_NAME EMP_DNAME, EC.CITY EMP_CITY, M.LAST_NAME MGR_LNAME, MD.DEPARTMENT_NAME MGR_NAME, MC.CITY MGR_CITY FROM EMPLOYEES E JOIN EMPLOYEES M ON E.MANAGER_ID = M.EMPLOYEE_ID
  2  JOIN DEPARTMENTS ED ON E.DEPARTMENT_ID = ED.DEPARTMENT_ID
  3  JOIN DEPARTMENTS MD ON M.DEPARTMENT_ID = MD.DEPARTMENT_ID
  4  JOIN LOCATIONS EC ON EC.LOCATION_ID = ED.LOCATION_ID
  5  JOIN LOCATIONS MC ON MC.LOCATION_ID = MD.LOCATION_ID;

EMP_LNAME       EMP_DNAME                      EMP_CITY                       MGR_LNAME       MGR_NAME                       MGR_CITY                                                                                                                                                                       
--------------- ------------------------------ ------------------------------ --------------- ------------------------------ ------------------------------                                                                                                                                                 
Lorentz         IT                             Southlake                      Hunold          IT                             Southlake                                                                                                                                                                      
Ernst           IT                             Southlake                      Hunold          IT                             Southlake                                                                                                                                                                      
Vargas          Shiping                        South San Francisco            Mourgos         Shiping                        South San Francisco                                                                                                                                                            
Matos           Shiping                        South San Francisco            Mourgos         Shiping                        South San Francisco                                                                                                                                                            
Davies          Shiping                        South San Francisco            Mourgos         Shiping                        South San Francisco                                                                                                                                                            
Rajs            Shiping                        South San Francisco            Mourgos         Shiping                        South San Francisco                                                                                                                                                            
Hunold          IT                             Southlake                      De Haan         Executive                      Seattle                                                                                                                                                                        
Mourgos         Shiping                        South San Francisco            King            Executive                      Seattle                                                                                                                                                                        
De Haan         Executive                      Seattle                        King            Executive                      Seattle                                                                                                                                                                        
Kochhar         Executive                      Seattle                        King            Executive                      Seattle                                                                                                                                                                        
Whalen          Administration                 Seattle                        Kochhar         Executive                      Seattle                                                                                                                                                                        
Higgins         Accounting                     Seattle                        Kochhar         Executive                      Seattle                                                                                                                                                                        
Gietz           Accounting                     Seattle                        Higgins         Accounting                     Seattle                                                                                                                                                                        
Hartstein       Marketing                      Toronto                        King            Executive                      Seattle                                                                                                                                                                        
Zlotkey         Sales                          Oxford                         King            Executive                      Seattle                                                                                                                                                                        
Fay             Marketing                      Toronto                        Hartstein       Marketing                      Toronto                                                                                                                                                                        
Abel            Sales                          Oxford                         Zlotkey         Sales                          Oxford                                                                                                                                                                         
Taylor          Sales                          Oxford                         Zlotkey         Sales                          Oxford                                                                                                                                                                         

18 rows selected.

SQL> SELECT E.FIRST_NAME ||' '||E.LAST_NAME EMP_NAME , ED.DEPARTMENT_NAME , EL.CITY, M.FIRST_NAME ||' '||M.LAST_NAME MGR_NAME ,MD.DEPARTMENT_NAME MNG_DEPARTMENT , ML.CITY FROM EMPLOYEES E JOIN EMPLOYEES M ON E.MANAGER_ID = M.EMPLOYEE_ID
  2  JOIN DEPARTMENTS ED ON E.DEPARTMENT_ID=ED.DEPARTMENT_ID
  3  JOIN DEPARTMENTS MD ON M.DEPARTMENT_ID=MD.DEPARTMENT_ID
  4  JOIN LOCATIONS EL ON ED.LOCATION_ID = EL.LOCATION_ID
  5  JOIN LOCATIONS ML ON MD.LOCATION_ID = ML.LOCATION_ID;

EMP_NAME                        DEPARTMENT_NAME                CITY                           MGR_NAME                        MNG_DEPARTMENT                 CITY                                                                                                                                           
------------------------------- ------------------------------ ------------------------------ ------------------------------- ------------------------------ ------------------------------                                                                                                                 
Diana Lorentz                   IT                             Southlake                      Alexander Hunold                IT                             Southlake                                                                                                                                      
Bruce Ernst                     IT                             Southlake                      Alexander Hunold                IT                             Southlake                                                                                                                                      
Peter Vargas                    Shiping                        South San Francisco            Kevin Mourgos                   Shiping                        South San Francisco                                                                                                                            
Randall Matos                   Shiping                        South San Francisco            Kevin Mourgos                   Shiping                        South San Francisco                                                                                                                            
Curtis Davies                   Shiping                        South San Francisco            Kevin Mourgos                   Shiping                        South San Francisco                                                                                                                            
Trenna Rajs                     Shiping                        South San Francisco            Kevin Mourgos                   Shiping                        South San Francisco                                                                                                                            
Alexander Hunold                IT                             Southlake                      Lex De Haan                     Executive                      Seattle                                                                                                                                        
Kevin Mourgos                   Shiping                        South San Francisco            Steven King                     Executive                      Seattle                                                                                                                                        
Lex De Haan                     Executive                      Seattle                        Steven King                     Executive                      Seattle                                                                                                                                        
Neena Kochhar                   Executive                      Seattle                        Steven King                     Executive                      Seattle                                                                                                                                        
Jennifer Whalen                 Administration                 Seattle                        Neena Kochhar                   Executive                      Seattle                                                                                                                                        
Shelley Higgins                 Accounting                     Seattle                        Neena Kochhar                   Executive                      Seattle                                                                                                                                        
William Gietz                   Accounting                     Seattle                        Shelley Higgins                 Accounting                     Seattle                                                                                                                                        
Michael Hartstein               Marketing                      Toronto                        Steven King                     Executive                      Seattle                                                                                                                                        
Eleni Zlotkey                   Sales                          Oxford                         Steven King                     Executive                      Seattle                                                                                                                                        
Pat Fay                         Marketing                      Toronto                        Michael Hartstein               Marketing                      Toronto                                                                                                                                        
Ellen Abel                      Sales                          Oxford                         Eleni Zlotkey                   Sales                          Oxford                                                                                                                                         
Jonathon Taylor                 Sales                          Oxford                         Eleni Zlotkey                   Sales                          Oxford                                                                                                                                         

18 rows selected.

SQL> select e.last_name , ed.dept_name , ec.city ,
  2  m.last_name , md.dept_name , mc.city
  3  from employees e join employees m on e.manager_id = m.employee_id
  4  join departments ed on ed.department_id = e.employee_id
  5  join departments md on md.department_id = m.employee_id
  6  join locations ec on ec.location_id = ed.location_id
  7  join locations mc on mc.location_id = md.location_id
  8  ;
m.last_name , md.dept_name , mc.city
              *
ERROR at line 2:
ORA-00904: "MD"."DEPT_NAME": invalid identifier 


SQL> SELECT
  2   E.LAST_NAME EMP_NAME, ED.DEPARTMENT_NAME EMP_DEPT, LED.CITY EMP_CITY,
  3  M.LAST_NAME MGR_NAME, MD.DEPARTMENT_NAME MGR_DEPT, LMD.CITY MGR_CITY
  4   FROM
  5  EMPLOYEES E JOIN EMPLOYEES M
  6   ON E.MANAGER_ID=M.EMPLOYEE_ID
  7   JOIN DEPARTMENTS ED ON E.DEPARTMENT_ID=ED.DEPARTMENT_ID
  8   JOIN DEPARTMENTS MD ON M.DEPARTMENT_ID=MD.DEPARTMENT_ID
  9  JOIN LOCATIONS LED ON ED.LOCATION_ID=LED.LOCATION_ID
 10  JOIN LOCATIONS LMD ON MD.LOCATION_ID=LMD.LOCATION_ID;

EMP_NAME        EMP_DEPT                       EMP_CITY                       MGR_NAME        MGR_DEPT                       MGR_CITY                                                                                                                                                                       
--------------- ------------------------------ ------------------------------ --------------- ------------------------------ ------------------------------                                                                                                                                                 
Lorentz         IT                             Southlake                      Hunold          IT                             Southlake                                                                                                                                                                      
Ernst           IT                             Southlake                      Hunold          IT                             Southlake                                                                                                                                                                      
Vargas          Shiping                        South San Francisco            Mourgos         Shiping                        South San Francisco                                                                                                                                                            
Matos           Shiping                        South San Francisco            Mourgos         Shiping                        South San Francisco                                                                                                                                                            
Davies          Shiping                        South San Francisco            Mourgos         Shiping                        South San Francisco                                                                                                                                                            
Rajs            Shiping                        South San Francisco            Mourgos         Shiping                        South San Francisco                                                                                                                                                            
Hunold          IT                             Southlake                      De Haan         Executive                      Seattle                                                                                                                                                                        
Mourgos         Shiping                        South San Francisco            King            Executive                      Seattle                                                                                                                                                                        
De Haan         Executive                      Seattle                        King            Executive                      Seattle                                                                                                                                                                        
Kochhar         Executive                      Seattle                        King            Executive                      Seattle                                                                                                                                                                        
Whalen          Administration                 Seattle                        Kochhar         Executive                      Seattle                                                                                                                                                                        
Higgins         Accounting                     Seattle                        Kochhar         Executive                      Seattle                                                                                                                                                                        
Gietz           Accounting                     Seattle                        Higgins         Accounting                     Seattle                                                                                                                                                                        
Hartstein       Marketing                      Toronto                        King            Executive                      Seattle                                                                                                                                                                        
Zlotkey         Sales                          Oxford                         King            Executive                      Seattle                                                                                                                                                                        
Fay             Marketing                      Toronto                        Hartstein       Marketing                      Toronto                                                                                                                                                                        
Abel            Sales                          Oxford                         Zlotkey         Sales                          Oxford                                                                                                                                                                         
Taylor          Sales                          Oxford                         Zlotkey         Sales                          Oxford                                                                                                                                                                         

18 rows selected.

SQL> SELECT E.LAST_NAME,ED.DEPARTMENT_NAME,EC.CITY,M.LAST_NAME,MD.DEPARTMENT_NAME,MC.CITY
  2  FROM EMPLOYEES E
  3  JOIN EMPLOYEES M ON E.MANAGER_ID=M.EMPLOYEE_ID
  4  JOIN DEPARTMENTS ED ON E.DEPARTMENT_ID=ED.DEPARTMENT_ID
  5  JOIN DEPARTMENTS MD ON M.DEPARTMENT_ID=MD.DEPARTMENT_ID
  6  JOIN LOCATIONS   EC ON ED.LOCATION_ID=EC.LOCATION_ID
  7  JOIN LOCATIONS   MC ON MD.LOCATION_ID=MC.LOCATION_ID;

LAST_NAME       DEPARTMENT_NAME                CITY                           LAST_NAME       DEPARTMENT_NAME                CITY                                                                                                                                                                           
--------------- ------------------------------ ------------------------------ --------------- ------------------------------ ------------------------------                                                                                                                                                 
Lorentz         IT                             Southlake                      Hunold          IT                             Southlake                                                                                                                                                                      
Ernst           IT                             Southlake                      Hunold          IT                             Southlake                                                                                                                                                                      
Vargas          Shiping                        South San Francisco            Mourgos         Shiping                        South San Francisco                                                                                                                                                            
Matos           Shiping                        South San Francisco            Mourgos         Shiping                        South San Francisco                                                                                                                                                            
Davies          Shiping                        South San Francisco            Mourgos         Shiping                        South San Francisco                                                                                                                                                            
Rajs            Shiping                        South San Francisco            Mourgos         Shiping                        South San Francisco                                                                                                                                                            
Hunold          IT                             Southlake                      De Haan         Executive                      Seattle                                                                                                                                                                        
Mourgos         Shiping                        South San Francisco            King            Executive                      Seattle                                                                                                                                                                        
De Haan         Executive                      Seattle                        King            Executive                      Seattle                                                                                                                                                                        
Kochhar         Executive                      Seattle                        King            Executive                      Seattle                                                                                                                                                                        
Whalen          Administration                 Seattle                        Kochhar         Executive                      Seattle                                                                                                                                                                        
Higgins         Accounting                     Seattle                        Kochhar         Executive                      Seattle                                                                                                                                                                        
Gietz           Accounting                     Seattle                        Higgins         Accounting                     Seattle                                                                                                                                                                        
Hartstein       Marketing                      Toronto                        King            Executive                      Seattle                                                                                                                                                                        
Zlotkey         Sales                          Oxford                         King            Executive                      Seattle                                                                                                                                                                        
Fay             Marketing                      Toronto                        Hartstein       Marketing                      Toronto                                                                                                                                                                        
Abel            Sales                          Oxford                         Zlotkey         Sales                          Oxford                                                                                                                                                                         
Taylor          Sales                          Oxford                         Zlotkey         Sales                          Oxford                                                                                                                                                                         

18 rows selected.

SQL> SPOOL OFF
