SQL> 
SQL> CL SCR

SQL> REM SET OPERATORS :
SQL> 
SQL> REM SET OPERATORS : TO CLUB TWO RESULT SETS VERTICALLY.
SQL> 
SQL> REM WHEN WE USE SET OPERATOR, THE STATEMENT IS CALLED COMPOUND STATEMENT.
SQL> 
SQL> REM SHORT SYNTAX OF COMPOUND STATEMENT : SELECT ... SET OPERATOR SELECT ... SET OPERATOR SELECT ...
SQL> 
SQL> REM LONG SYNTAX OF COMPOUND STATEMENT : SELECT ... FROM ... WHERE ... GROUP BY ... | HAVING SET OPERATOR SELECT ... FROM ... WHERE ... GROUP BY ... | HAVING ...      ORDER BY ... OFFSET ... FETCH ...;
SQL> 
SQL> 
SQL> REM LIST OF SET OPERATORS : 1 UNION ALL 2 UNION 3 INTERSECT 4 MINUS
SQL> 
SQL> REM RESULT SET 1 : C F F E D D A A
SQL> 
SQL> REM RESULT SET 2 : I H C C B D I
SQL> 
SQL> 
SQL> 
SQL> REM UNION ALL : IT WILL SIMPLY CLUB BOTH THE RESULT SETS VERTICALLY, KEEPING VALUE/ROW POSITION AS IT IS.
SQL> 
SQL> REM NOTE : REMAINING 3 SET OPERATORS, PERFORM TWO COMMON TASKS : 1 SORTS RESULT SET IN ASCENDING ORDER 2 REMOVES DUPLICATE ROWS
SQL> 
SQL> REM UNION : IT WILL SIMPLY PERFORM ABOVE TWO COMMON TASKS.
SQL> 
SQL> REM INTERSECT : IT WILL FIRST PICK COMMON ROWS OF BOTH RESULT SETS. + ABOVE TWO COMMON TASKS
SQL> 
SQL> REM MINUS : IT WILL FIRST REMOVE COMMON ROWS FROM FIRST RESULT SET + ABOVE TWO COMMON TASKS
SQL> 
SQL> 
SQL> 
SQL> REM RESULT SET 1 : C F F E D D A A
SQL> 
SQL> REM RESULT SET 2 : I H C C B D I
SQL> 
SQL> REM UNION ALL : IT WILL SIMPLY CLUB BOTH THE RESULT SETS VERTICALLY, KEEPING VALUE/ROW POSITION AS IT IS.
SQL> 
SQL> REM UNION ALL : C F F E D D A A I H C C B D I
SQL> 
SQL> REM ABOVE RESULT : RS1 UNION ALL RS2
SQL> 
SQL> REM BELOW RESULT : RS2 UNION ALL RS1
SQL> 
SQL> REM UNION ALL : I H C C B D I C F F E D D A A
SQL> 
SQL> 
SQL> 
SQL> 
SQL> 
SQL> REM NOTE : REMAINING 3 SET OPERATORS, PERFORM TWO COMMON TASKS : 1 SORTS RESULT SET IN ASCENDING ORDER 2 REMOVES DUPLICATE ROWS
SQL> 
SQL> REM UNION : IT WILL SIMPLY PERFORM ABOVE TWO COMMON TASKS.
SQL> 
SQL> REM RESULT SET 1 : C F F E D D A A
SQL> 
SQL> REM RESULT SET 2 : I H C C B D I
SQL> 
SQL> REM RS1 UNION RS2 : STEP 1 : A A B C C C D D D E F F H I I   STEP 2 : A B C D E F H I
SQL> 
SQL> REM RS2 UNION RS1 : STEP 1 : A A B C C C D D D E F F H I I   STEP 2 : A B C D E F H I
SQL> 
SQL> 
SQL> 
SQL> 
SQL> REM INTERSECT : IT WILL FIRST PICK COMMON ROWS OF BOTH RESULT SETS. + ABOVE TWO COMMON TASKS
SQL> 
SQL> REM RESULT SET 1 : C F F E D D A A
SQL> 
SQL> REM RESULT SET 2 : I H C C B D I
SQL> 
SQL> REM RS1 INTERSECT RS2 : STEP 1 : C C C D D D   STEP 2 : C C C D D    STEP  3 : C D
SQL> 
SQL> 
SQL> 
SQL> REM RESULT SET 1 : D D F F E C A A
SQL> 
SQL> REM RESULT SET 2 : I H C C B D I
SQL> 
SQL> REM RS1 INTERSECT RS2 : STEP 1 : D D D C C C   STEP 2 : C C C D D D   STEP  3 : C D
SQL> 
SQL> REM RS2 INTERSECT RS1 : STEP 1 : C C C D D D   STEP 2 : C C C D D D   STEP  3 : C D
SQL> 
SQL> 
SQL> 
SQL> 
SQL> REM MINUS : IT WILL FIRST REMOVE COMMON ROWS FROM FIRST RESULT SET + ABOVE TWO COMMON TASKS
SQL> 
SQL> REM RESULT SET 1 : D D F F E C A A
SQL> 
SQL> REM RESULT SET 2 : I H C C B D I
SQL> 
SQL> 
SQL> REM RS1 MINUS RS2 : STEP 1 : F F E A A    STEP 2 : A A E F F     STEP 3 : A E F
SQL> 
SQL> REM RS2 MINUS RS1 : STEP 1 : I I H B      STEP 2 : B H I I       STEP 3 : B H I
SQL> 
SQL> 
SQL> 
SQL> 
SQL> SELECT * FROM EMPLOYEES;

EMPLOYEE_ID FIRST_NAME      LAST_NAME       EMAIL      PHONE_NUMBER         HIRE_DATE JOB_ID         SALARY COMMISSION_PCT MANAGER_ID DEPARTMENT_ID                                                     
----------- --------------- --------------- ---------- -------------------- --------- ---------- ---------- -------------- ---------- -------------                                                     
        100 Steven          King            SKING      515.123.4567         17-JUL-87 AD_PRES         24000                                      90                                                     
        101 Neena           Kochhar         NKOCHHAR   515.123.4568         21-SEP-89 AD_VP           17000                       100            90                                                     
        102 Lex             De Haan         LDEHAAN    515.123.4569         13-JAN-93 AD_VP           17000                       100            90                                                     
        103 Alexander       Hunold          AHUNOLD    590.423.4567         03-JAN-90 IT_PROG          9000                       102            60                                                     
        104 Bruce           Ernst           BERNST     590.423.4568         21-MAY-91 IT_PROG          6000                       103            60                                                     
        107 Diana           Lorentz         DLORENTZ   590.423.5567         07-FEB-99 IT_PROG          4200                       103            60                                                     
        124 Kevin           Mourgos         KMOURGOS   650.123.5234         16-NOV-99 ST_MAN           5800                       100            50                                                     
        141 Trenna          Rajs            TRAJS      650.121.8009         17-OCT-95 ST_CLERK         3500                       124            50                                                     
        142 Curtis          Davies          CDAVIES    650.121.2994         29-JAN-97 ST_CLERK         3100                       124            50                                                     
        143 Randall         Matos           RMATOS     650.121.2874         15-MAR-98 ST_CLERK         2600                       124            50                                                     
        144 Peter           Vargas                     650.121.2004         09-JUL-98 ST_CLERK         2500                       124            50                                                     
        149 Eleni           Zlotkey         EZLOTKEY   011.44.1344.429018   29-JAN-00 SA_MAN          10500             .2        100            80                                                     
        174 Ellen           Abel            EABEL      011.44.1644.429267   11-MAY-96 SA_REP          11000             .3        149            80                                                     
        176 Jonathon        Taylor          JTAYLOR    011.44.1644.429265   24-MAR-98 SA_REP           8600             .3        149            80                                                     
        178 Kimerely        Grant           KGRANT     011.44.1644.429263   24-MAY-99 SA_REP           7000            .15        149                                                                   
        200 Jennifer        Whalen          JWHALEN    515.123.4444         17-SEP-87 AD_ASST          4400                       101            10                                                     
        201 Michael         Hartstein       MHARTSTE   515.123.5555         17-FEB-96 MK_MAN          13000                       100            20                                                     
        202 Pat             Fay             PFAY       603.123.6666         17-AUG-97 MK_REP           6000                       201            20                                                     
        205 Shelley         Higgins         SHIGGINS   515.123.8080         07-JUN-94 AC_MGR          12000                       101           110                                                     
        206 William         Gietz           WGIETZ     515.123.8181         07-JUN-94 AC_ACCOUNT       8300                       205           110                                                     

20 rows selected.

SQL> SELECT * FROM MPSEMP;

     EMPNO ENAME      JOB               MGR HIREDATE         SAL       COMM     DEPTNO                                                                                                                  
---------- ---------- ---------- ---------- --------- ---------- ---------- ----------                                                                                                                  
      7839 KING       PRESIDENT             17-NOV-81       6000                    10                                                                                                                  
      7782 CLARK      MANAGER          7839 09-JUN-81       2450                    10                                                                                                                  
      7566 JONES      MANAGER          7839 02-APR-81       2500                    20                                                                                                                  
      7902 FORD       ANALYST          7566 04-DEC-81                  3000         20                                                                                                                  
      7698 BLAKE      MANAGER          7839 01-MAY-91       2850                    30                                                                                                                  
      7369 SMITH      CLERK            7902 17-DEC-80        800                    20                                                                                                                  
      7499 ALLEN      SALESMAN         7698 20-FEB-81       1600        300         30                                                                                                                  
      7521 WARD       SALESMAN         7698 22-FEB-81       1250        500         30                                                                                                                  
      7654 MARTIN     SALESMAN         7698 28-SEP-81       1250       1400         30                                                                                                                  
      7788 SCOTT      ANALYST          7566 09-DEC-82       4719       1700         20                                                                                                                  
      7844 TURNER     SALESMAN         7698 08-SEP-81       1500         30         30                                                                                                                  
      7876 ADAMS      CLERK            7788 12-JAN-89                  1100         20                                                                                                                  
      7900 JAMES      CLERK            7698 03-DEC-81                   950         30                                                                                                                  
      7934 MILLER     CLERK            7782 23-JAN-82       1300                    10                                                                                                                  

14 rows selected.

SQL> SELECT JOB FROM MPSEMP;

JOB                                                                                                                                                                                                     
----------                                                                                                                                                                                              
PRESIDENT                                                                                                                                                                                               
MANAGER                                                                                                                                                                                                 
MANAGER                                                                                                                                                                                                 
ANALYST                                                                                                                                                                                                 
MANAGER                                                                                                                                                                                                 
CLERK                                                                                                                                                                                                   
SALESMAN                                                                                                                                                                                                
SALESMAN                                                                                                                                                                                                
SALESMAN                                                                                                                                                                                                
ANALYST                                                                                                                                                                                                 
SALESMAN                                                                                                                                                                                                
CLERK                                                                                                                                                                                                   
CLERK                                                                                                                                                                                                   
CLERK                                                                                                                                                                                                   

14 rows selected.

SQL> REM RESULT SET 1 :
SQL> 
SQL> SELECT JOB FROM MPSEMP WHERE DEPTNO = 10;

JOB                                                                                                                                                                                                     
----------                                                                                                                                                                                              
PRESIDENT                                                                                                                                                                                               
MANAGER                                                                                                                                                                                                 
CLERK                                                                                                                                                                                                   

SQL> REM RESULT SET 2 :
SQL> 
SQL> SELECT JOB FROM MPSEMP WHERE DEPTNO = 20;

JOB                                                                                                                                                                                                     
----------                                                                                                                                                                                              
MANAGER                                                                                                                                                                                                 
ANALYST                                                                                                                                                                                                 
CLERK                                                                                                                                                                                                   
ANALYST                                                                                                                                                                                                 
CLERK                                                                                                                                                                                                   

SQL> REM RESULT SET 3 :
SQL> 
SQL> SELECT JOB FROM MPSEMP WHERE DEPTNO = 30;

JOB                                                                                                                                                                                                     
----------                                                                                                                                                                                              
MANAGER                                                                                                                                                                                                 
SALESMAN                                                                                                                                                                                                
SALESMAN                                                                                                                                                                                                
SALESMAN                                                                                                                                                                                                
SALESMAN                                                                                                                                                                                                
CLERK                                                                                                                                                                                                   

6 rows selected.

SQL> REM UNION ALL : IT WILL SIMPLY CLUB BOTH THE RESULT SETS VERTICALLY, KEEPING VALUE/ROW POSITION AS IT IS.
SQL> 
SQL> SELECT JOB FROM MPSEMP WHERE DEPTNO = 10;

JOB                                                                                                                                                                                                     
----------                                                                                                                                                                                              
PRESIDENT                                                                                                                                                                                               
MANAGER                                                                                                                                                                                                 
CLERK                                                                                                                                                                                                   

SQL> SELECT JOB FROM MPSEMP WHERE DEPTNO = 20;

JOB                                                                                                                                                                                                     
----------                                                                                                                                                                                              
MANAGER                                                                                                                                                                                                 
ANALYST                                                                                                                                                                                                 
CLERK                                                                                                                                                                                                   
ANALYST                                                                                                                                                                                                 
CLERK                                                                                                                                                                                                   

SQL> SELECT JOB FROM MPSEMP WHERE DEPTNO = 10
  2  UNION ALL
  3  SELECT JOB FROM MPSEMP WHERE DEPTNO = 20;

JOB                                                                                                                                                                                                     
----------                                                                                                                                                                                              
PRESIDENT                                                                                                                                                                                               
MANAGER                                                                                                                                                                                                 
CLERK                                                                                                                                                                                                   
MANAGER                                                                                                                                                                                                 
ANALYST                                                                                                                                                                                                 
CLERK                                                                                                                                                                                                   
ANALYST                                                                                                                                                                                                 
CLERK                                                                                                                                                                                                   

8 rows selected.

SQL> SELECT JOB FROM MPSEMP WHERE DEPTNO = 20
  2  UNION ALL
  3  SELECT JOB FROM MPSEMP WHERE DEPTNO = 10;

JOB                                                                                                                                                                                                     
----------                                                                                                                                                                                              
MANAGER                                                                                                                                                                                                 
ANALYST                                                                                                                                                                                                 
CLERK                                                                                                                                                                                                   
ANALYST                                                                                                                                                                                                 
CLERK                                                                                                                                                                                                   
PRESIDENT                                                                                                                                                                                               
MANAGER                                                                                                                                                                                                 
CLERK                                                                                                                                                                                                   

8 rows selected.

SQL> REM NOTE : REMAINING 3 SET OPERATORS, PERFORM TWO COMMON TASKS : 1 SORTS RESULT SET IN ASCENDING ORDER 2 REMOVES DUPLICATE ROWS
SQL> 
SQL> REM UNION : IT WILL SIMPLY PERFORM ABOVE TWO COMMON TASKS.
SQL> 
SQL> SELECT JOB FROM MPSEMP WHERE DEPTNO = 10;

JOB                                                                                                                                                                                                     
----------                                                                                                                                                                                              
PRESIDENT                                                                                                                                                                                               
MANAGER                                                                                                                                                                                                 
CLERK                                                                                                                                                                                                   

SQL> SELECT JOB FROM MPSEMP WHERE DEPTNO = 20;

JOB                                                                                                                                                                                                     
----------                                                                                                                                                                                              
MANAGER                                                                                                                                                                                                 
ANALYST                                                                                                                                                                                                 
CLERK                                                                                                                                                                                                   
ANALYST                                                                                                                                                                                                 
CLERK                                                                                                                                                                                                   

SQL> SELECT JOB FROM MPSEMP WHERE DEPTNO = 10
  2  UNION
  3  SELECT JOB FROM MPSEMP WHERE DEPTNO = 20;

JOB                                                                                                                                                                                                     
----------                                                                                                                                                                                              
ANALYST                                                                                                                                                                                                 
CLERK                                                                                                                                                                                                   
MANAGER                                                                                                                                                                                                 
PRESIDENT                                                                                                                                                                                               

SQL> REM STEP 1 : ANALYST ANALYST CLERK CLERK CLERK MANAGER MANAGER PRESIDENT   STEP 2 : ANALYST CLERK MANAGER PRESIDENT
SQL> 
SQL> REM INTERSECT : IT WILL FIRST PICK COMMON ROWS OF BOTH RESULT SETS. + ABOVE TWO COMMON TASKS
SQL> 
SQL> SELECT JOB FROM MPSEMP WHERE DEPTNO = 10;

JOB                                                                                                                                                                                                     
----------                                                                                                                                                                                              
PRESIDENT                                                                                                                                                                                               
MANAGER                                                                                                                                                                                                 
CLERK                                                                                                                                                                                                   

SQL> SELECT JOB FROM MPSEMP WHERE DEPTNO = 20;

JOB                                                                                                                                                                                                     
----------                                                                                                                                                                                              
MANAGER                                                                                                                                                                                                 
ANALYST                                                                                                                                                                                                 
CLERK                                                                                                                                                                                                   
ANALYST                                                                                                                                                                                                 
CLERK                                                                                                                                                                                                   

SQL> SELECT JOB FROM MPSEMP WHERE DEPTNO = 10
  2  INTERSECT
  3  SELECT JOB FROM MPSEMP WHERE DEPTNO = 20;

JOB                                                                                                                                                                                                     
----------                                                                                                                                                                                              
CLERK                                                                                                                                                                                                   
MANAGER                                                                                                                                                                                                 

SQL> 
SQL> REM STEP 1 : MANAGER CLERK   STEP 2 : CLERK MANAGER
SQL> 
SQL> 
SQL> 
SQL> REM MINUS : IT WILL FIRST REMOVE COMMON ROWS FROM FIRST RESULT SET + ABOVE TWO COMMON TASKS
SQL> 
SQL> SELECT JOB FROM MPSEMP WHERE DEPTNO = 10;

JOB                                                                                                                                                                                                     
----------                                                                                                                                                                                              
PRESIDENT                                                                                                                                                                                               
MANAGER                                                                                                                                                                                                 
CLERK                                                                                                                                                                                                   

SQL> SELECT JOB FROM MPSEMP WHERE DEPTNO = 20;

JOB                                                                                                                                                                                                     
----------                                                                                                                                                                                              
MANAGER                                                                                                                                                                                                 
ANALYST                                                                                                                                                                                                 
CLERK                                                                                                                                                                                                   
ANALYST                                                                                                                                                                                                 
CLERK                                                                                                                                                                                                   

SQL> SELECT JOB FROM MPSEMP WHERE DEPTNO = 10
  2  MINUS
  3  SELECT JOB FROM MPSEMP WHERE DEPTNO = 20;

JOB                                                                                                                                                                                                     
----------                                                                                                                                                                                              
PRESIDENT                                                                                                                                                                                               

SQL> SELECT JOB FROM MPSEMP WHERE DEPTNO = 20
  2  MINUS
  3  SELECT JOB FROM MPSEMP WHERE DEPTNO = 10;

JOB                                                                                                                                                                                                     
----------                                                                                                                                                                                              
ANALYST                                                                                                                                                                                                 

SQL> SELECT JOB FROM MPSEMP WHERE DEPTNO = 20;

JOB                                                                                                                                                                                                     
----------                                                                                                                                                                                              
MANAGER                                                                                                                                                                                                 
ANALYST                                                                                                                                                                                                 
CLERK                                                                                                                                                                                                   
ANALYST                                                                                                                                                                                                 
CLERK                                                                                                                                                                                                   

SQL> SELECT JOB FROM MPSEMP WHERE DEPTNO = 30;

JOB                                                                                                                                                                                                     
----------                                                                                                                                                                                              
MANAGER                                                                                                                                                                                                 
SALESMAN                                                                                                                                                                                                
SALESMAN                                                                                                                                                                                                
SALESMAN                                                                                                                                                                                                
SALESMAN                                                                                                                                                                                                
CLERK                                                                                                                                                                                                   

6 rows selected.

SQL> REM 20 UNION ALL 30 : 1 COUNT :     2 : FIRST ROW :        3 LAST ROW :
SQL> 
SQL> REM 20 UNION     30 : 1 COUNT :     2 : FIRST ROW :        3 LAST ROW :
SQL> 
SQL> REM 20 INTERSECT 30 : 1 COUNT :     2 : FIRST ROW :        3 LAST ROW :
SQL> 
SQL> REM 20 MINUS     30 : 1 COUNT :     2 : FIRST ROW :        3 LAST ROW :
SQL> 
SQL> 
SQL> 
SQL> 
SQL> REM 20 UNION ALL 30 : 1 COUNT : 11    2 : FIRST ROW : MANAGER       3 LAST ROW : CLERK
SQL> 
SQL> REM 20 UNION     30 : 1 COUNT : 4     2 : FIRST ROW : ANALYST       3 LAST ROW : SALESMAN
SQL> 
SQL> REM 20 INTERSECT 30 : 1 COUNT : 2     2 : FIRST ROW : CLERK         3 LAST ROW : MANAGER
SQL> 
SQL> REM 20 MINUS     30 : 1 COUNT : 1     2 : FIRST ROW : ANALYST       3 LAST ROW : -
> 
SQL> 
SQL> 
SQL> SELECT JOB FROM MPSEMP WHERE DEPTNO = 10;

JOB                                                                                                                                                                                                     
----------                                                                                                                                                                                              
PRESIDENT                                                                                                                                                                                               
MANAGER                                                                                                                                                                                                 
CLERK                                                                                                                                                                                                   

SQL> SELECT JOB FROM MPSEMP WHERE DEPTNO = 20;

JOB                                                                                                                                                                                                     
----------                                                                                                                                                                                              
MANAGER                                                                                                                                                                                                 
ANALYST                                                                                                                                                                                                 
CLERK                                                                                                                                                                                                   
ANALYST                                                                                                                                                                                                 
CLERK                                                                                                                                                                                                   

SQL> SELECT JOB FROM MPSEMP WHERE DEPTNO = 30;

JOB                                                                                                                                                                                                     
----------                                                                                                                                                                                              
MANAGER                                                                                                                                                                                                 
SALESMAN                                                                                                                                                                                                
SALESMAN                                                                                                                                                                                                
SALESMAN                                                                                                                                                                                                
SALESMAN                                                                                                                                                                                                
CLERK                                                                                                                                                                                                   

6 rows selected.

SQL> REM EXECUTION PRECEDENCE OF SET OPERATORS ARE FROM TOP TO BOTTOM AND LEFT TO RIGHT.
SQL> 
SQL> REM WE CAN CHANGE IT'S PRECEDENCE BY PUTTING STATEMENTS WITHIN ()
SQL> 
SQL> REM 10 UNION ALL 20 UNION ALL 30 : 1 COUNT :    2 FIRST ROW :     3 LAST ROW :
SQL> 
SQL> REM 10 UNION     20 UNION     30 : 1 COUNT :    2 FIRST ROW :     3 LAST ROW :
SQL> 
SQL> REM 10 INTERSECT 20 INTERSECT 30 : 1 COUNT :    2 FIRST ROW :     3 LAST ROW :
SQL> 
SQL> REM 10 MINUS     20 MINUS     30 : 1 COUNT :    2 FIRST ROW :     3 LAST ROW :
SQL> 
SQL> 
SQL> REM 10 UNION ALL 20 UNION ALL 30 : 1 COUNT : 14   2 FIRST ROW : PRESIDENT    3 LAST ROW : CLERK
SQL> 
SQL> REM 10 UNION     20 UNION     30 : 1 COUNT : 5   2 FIRST ROW : ANALYST    3 LAST ROW : SALESMAN
SQL> 
SQL> REM 10 INTERSECT 20 INTERSECT 30 : 1 COUNT : 2   2 FIRST ROW : CLERK    3 LAST ROW : MANAGER
SQL> 
SQL> REM 10 MINUS     20 MINUS     30 : 1 COUNT : 1   2 FIRST ROW : PRESIDENT    3 LAST ROW :
SQL> 
SQL> 
SQL> 
SQL> 
SQL> 
SQL> SELECT JOB FROM MPSEMP WHERE DEPTNO = 10;

JOB                                                                                                                                                                                                     
----------                                                                                                                                                                                              
PRESIDENT                                                                                                                                                                                               
MANAGER                                                                                                                                                                                                 
CLERK                                                                                                                                                                                                   

SQL> SELECT JOB FROM MPSEMP WHERE DEPTNO = 20;

JOB                                                                                                                                                                                                     
----------                                                                                                                                                                                              
MANAGER                                                                                                                                                                                                 
ANALYST                                                                                                                                                                                                 
CLERK                                                                                                                                                                                                   
ANALYST                                                                                                                                                                                                 
CLERK                                                                                                                                                                                                   

SQL> SELECT JOB FROM MPSEMP WHERE DEPTNO = 30;

JOB                                                                                                                                                                                                     
----------                                                                                                                                                                                              
MANAGER                                                                                                                                                                                                 
SALESMAN                                                                                                                                                                                                
SALESMAN                                                                                                                                                                                                
SALESMAN                                                                                                                                                                                                
SALESMAN                                                                                                                                                                                                
CLERK                                                                                                                                                                                                   

6 rows selected.

SQL> REM 10 UNION ALL 20 UNION 30 : 1 COUNT :    2 FIRST ROW :     3 LAST ROW :
SQL> 
SQL> REM 10 UNION ALL 20 INTERSECT 30 : 1 COUNT :    2 FIRST ROW :     3 LAST ROW :
SQL> 
SQL> REM 10 UNION ALL 20 MINUS 30 : 1 COUNT :    2 FIRST ROW :     3 LAST ROW :
SQL> 
SQL> 
SQL> 
SQL> REM 10 UNION ALL 20 UNION 30 : 1 COUNT : 5   2 FIRST ROW : ANALYST    3 LAST ROW : SALESMAN
SQL> 
SQL> REM 10 UNION ALL 20 INTERSECT 30 : 1 COUNT : 2   2 FIRST ROW : CLERK    3 LAST ROW : MANAGER
SQL> 
SQL> REM 10 UNION ALL 20 MINUS 30 : 1 COUNT : 2   2 FIRST ROW : ANALYST    3 LAST ROW : PRESIDENT
SQL> 
SQL> 
SQL> 
SQL> 
SQL> 
SQL> SELECT JOB FROM MPSEMP WHERE DEPTNO = 10;

JOB                                                                                                                                                                                                     
----------                                                                                                                                                                                              
PRESIDENT                                                                                                                                                                                               
MANAGER                                                                                                                                                                                                 
CLERK                                                                                                                                                                                                   

SQL> SELECT JOB FROM MPSEMP WHERE DEPTNO = 20;

JOB                                                                                                                                                                                                     
----------                                                                                                                                                                                              
MANAGER                                                                                                                                                                                                 
ANALYST                                                                                                                                                                                                 
CLERK                                                                                                                                                                                                   
ANALYST                                                                                                                                                                                                 
CLERK                                                                                                                                                                                                   

SQL> SELECT JOB FROM MPSEMP WHERE DEPTNO = 30;

JOB                                                                                                                                                                                                     
----------                                                                                                                                                                                              
MANAGER                                                                                                                                                                                                 
SALESMAN                                                                                                                                                                                                
SALESMAN                                                                                                                                                                                                
SALESMAN                                                                                                                                                                                                
SALESMAN                                                                                                                                                                                                
CLERK                                                                                                                                                                                                   

6 rows selected.

SQL> REM 10 UNION 20 UNION ALL 30 : 1 COUNT     2 FR      3 LR
SQL> 
SQL> REM 10 UNION 20 INTERSECT 30 : 1 COUNT     2 FR      3 LR
SQL> 
SQL> REM 10 UNION 20 MINUS 30 : 1 COUNT     2 FR      3 LR
SQL> 
SQL> 
SQL> 
SQL> REM 10 UNION 20 UNION ALL 30 : 1 COUNT : 10    2 FR : ANALYST     3 LR : CLERK
SQL> 
SQL> REM 10 UNION 20 INTERSECT 30 : 1 COUNT : 2    2 FR : CLERK     3 LR : MANAGER
SQL> 
SQL> REM 10 UNION 20 MINUS 30 : 1 COUNT : 2    2 FR : ANALYST     3 LR : PRESIDENT
SQL> 
SQL> 
SQL> 
SQL> 
SQL> SELECT JOB FROM MPSEMP WHERE DEPTNO = 10;

JOB                                                                                                                                                                                                     
----------                                                                                                                                                                                              
PRESIDENT                                                                                                                                                                                               
MANAGER                                                                                                                                                                                                 
CLERK                                                                                                                                                                                                   

SQL> SELECT JOB FROM MPSEMP WHERE DEPTNO = 20;

JOB                                                                                                                                                                                                     
----------                                                                                                                                                                                              
MANAGER                                                                                                                                                                                                 
ANALYST                                                                                                                                                                                                 
CLERK                                                                                                                                                                                                   
ANALYST                                                                                                                                                                                                 
CLERK                                                                                                                                                                                                   

SQL> SELECT JOB FROM MPSEMP WHERE DEPTNO = 30;

JOB                                                                                                                                                                                                     
----------                                                                                                                                                                                              
MANAGER                                                                                                                                                                                                 
SALESMAN                                                                                                                                                                                                
SALESMAN                                                                                                                                                                                                
SALESMAN                                                                                                                                                                                                
SALESMAN                                                                                                                                                                                                
CLERK                                                                                                                                                                                                   

6 rows selected.

SQL> REM 10 INTERSECT 20 UNION ALL 30 : 1 COUNT :    2 FIRST ROW :     3 LAST ROW :
SQL> 
SQL> REM 10 INTERSECT 20 UNION 30     : 1 COUNT :    2 FIRST ROW :     3 LAST ROW :
SQL> 
SQL> REM 10 INTERSECT 20 MINUS 30     : 1 COUNT :    2 FIRST ROW :     3 LAST ROW :
SQL> 
SQL> 
SQL> 
SQL> REM 10 INTERSECT 20 UNION ALL 30 : 1 COUNT : 8   2 FIRST ROW : CLERK    3 LAST ROW : CLERK
SQL> 
SQL> REM 10 INTERSECT 20 UNION 30     : 1 COUNT : 3   2 FIRST ROW : CLERK    3 LAST ROW : SALESMAN
SQL> 
SQL> REM 10 INTERSECT 20 MINUS 30     : 1 COUNT : 0   2 FIRST ROW :     3 LAST ROW :
SQL> 
SQL> 
SQL> 
SQL> SELECT JOB FROM MPSEMP WHERE DEPTNO = 10;

JOB                                                                                                                                                                                                     
----------                                                                                                                                                                                              
PRESIDENT                                                                                                                                                                                               
MANAGER                                                                                                                                                                                                 
CLERK                                                                                                                                                                                                   

SQL> SELECT JOB FROM MPSEMP WHERE DEPTNO = 20;

JOB                                                                                                                                                                                                     
----------                                                                                                                                                                                              
MANAGER                                                                                                                                                                                                 
ANALYST                                                                                                                                                                                                 
CLERK                                                                                                                                                                                                   
ANALYST                                                                                                                                                                                                 
CLERK                                                                                                                                                                                                   

SQL> SELECT JOB FROM MPSEMP WHERE DEPTNO = 30;

JOB                                                                                                                                                                                                     
----------                                                                                                                                                                                              
MANAGER                                                                                                                                                                                                 
SALESMAN                                                                                                                                                                                                
SALESMAN                                                                                                                                                                                                
SALESMAN                                                                                                                                                                                                
SALESMAN                                                                                                                                                                                                
CLERK                                                                                                                                                                                                   

6 rows selected.

SQL> REM 10 MINUS 20 UNION ALL 30 : 1 COUNT :    2 FR :      3 LR :
SQL> 
SQL> REM 10 MINUS 20 UNION 30     : 1 COUNT :    2 FR :      3 LR :
SQL> 
SQL> REM 10 MINUS 20 INTERSECT 30 : 1 COUNT :    2 FR :      3 LR :
SQL> 
SQL> 
SQL> 
SQL> REM 10 MINUS 20 UNION ALL 30 : 1 COUNT : 7   2 FR : PRESIDENT     3 LR : CLERK
SQL> 
SQL> REM 10 MINUS 20 UNION 30     : 1 COUNT : 4   2 FR : CLERK         3 LR : SALESMAN
SQL> 
SQL> REM 10 MINUS 20 INTERSECT 30 : 1 COUNT : 0   2 FR : -             3 LR : -
> 
SQL> 
SQL> SPOOL OFF
