SQL> 
SQL> CL SCR

SQL> REM INSERT ... VALUE ... scalar sub query
SQL> 
SQL> REM INSERT ... VALUES ... substitution variable
SQL> 
SQL> REM INSERT ... sub query
SQL> 
SQL> 
SQL> DROP TABLE D1;

Table dropped.

SQL> CREATE TABLE D1 AS SELECT * FROM DEPARTMENTS WHERE 1 = 2;

Table created.

SQL> DESC D1
 Name                                                                                                              Null?    Type
 ----------------------------------------------------------------------------------------------------------------- -------- ----------------------------------------------------------------------------
 DEPARTMENT_ID                                                                                                              NUMBER(4)
 DEPARTMENT_NAME                                                                                                   NOT NULL VARCHAR2(30)
 MANAGER_ID                                                                                                                 NUMBER(6)
 LOCATION_ID                                                                                                                NUMBER(4)

SQL> SELECT * FROM D1;

no rows selected

SQL> INSERT INTO D1 VALUES (&DID , 'ACC' , 100, 1500);
Enter value for did: 10
old   1: INSERT INTO D1 VALUES (&DID , 'ACC' , 100, 1500)
new   1: INSERT INTO D1 VALUES (10 , 'ACC' , 100, 1500)

1 row created.

SQL> R
  1* INSERT INTO D1 VALUES (&DID , 'ACC' , 100, 1500)
Enter value for did: 20
old   1: INSERT INTO D1 VALUES (&DID , 'ACC' , 100, 1500)
new   1: INSERT INTO D1 VALUES (20 , 'ACC' , 100, 1500)

1 row created.

SQL> /
Enter value for did: 30
old   1: INSERT INTO D1 VALUES (&DID , 'ACC' , 100, 1500)
new   1: INSERT INTO D1 VALUES (30 , 'ACC' , 100, 1500)

1 row created.

SQL> SELECT * FROM D1;

DEPARTMENT_ID DEPARTMENT_NAME                MANAGER_ID LOCATION_ID                                                                                                                                     
------------- ------------------------------ ---------- -----------                                                                                                                                     
           10 ACC                                   100        1500                                                                                                                                     
           20 ACC                                   100        1500                                                                                                                                     
           30 ACC                                   100        1500                                                                                                                                     

SQL> REM INSERT ... VALUE ... scalar sub query
SQL> 
SQL> REM scalar sub query : IT RETURNS SINGLE VALUE I.E. SINGLE COLUMN AND SINGLE ROW
SQL> 
SQL> SELECT * FROM EMPLOYEES;

EMPLOYEE_ID FIRST_NAME      LAST_NAME       EMAIL      PHONE_NUMBER         HIRE_DATE JOB_ID         SALARY COMMISSION_PCT MANAGER_ID DEPARTMENT_ID                                                     
----------- --------------- --------------- ---------- -------------------- --------- ---------- ---------- -------------- ---------- -------------                                                     
        100 Steven          King            SKING      515.123.4567         17-JUL-87 AD_PRES         24000                                      90                                                     
        101 Neena           Kochhar         NKOCHHAR   515.123.4568         21-SEP-89 AD_VP           17000                       100            90                                                     
        102 Lex             De Haan         LDEHAAN    515.123.4569         13-JAN-93 AD_VP           17000                       100            90                                                     
        103 Alexander       Hunold          AHUNOLD    590.423.4567         03-JAN-90 IT_PROG          9000                       102            60                                                     
        104 Bruce           Ernst           BERNST     590.423.4568         21-MAY-91 IT_PROG          6000                       103            60                                                     
        107 Diana           Lorentz         DLORENTZ   590.423.5567         07-FEB-99 IT_PROG          4200                       103            60                                                     
        124 Kevin           Mourgos         KMOURGOS   650.123.5234         16-NOV-99 ST_MAN           5800                       100            50                                                     
        141 Trenna          Rajs            TRAJS      650.121.8009         17-OCT-95 ST_CLERK         3500                       124            50                                                     
        142 Curtis          Davies          CDAVIES    650.121.2994         29-JAN-97 ST_CLERK         3100                       124            50                                                     
        143 Randall         Matos           RMATOS     650.121.2874         15-MAR-98 ST_CLERK         2600                       124            50                                                     
        144 Peter           Vargas                     650.121.2004         09-JUL-98 ST_CLERK         2500                       124            50                                                     
        149 Eleni           Zlotkey         EZLOTKEY   011.44.1344.429018   29-JAN-00 SA_MAN          10500             .2        100            80                                                     
        174 Ellen           Abel            EABEL      011.44.1644.429267   11-MAY-96 SA_REP          11000             .3        149            80                                                     
        176 Jonathon        Taylor          JTAYLOR    011.44.1644.429265   24-MAR-98 SA_REP           8600             .3        149            80                                                     
        178 Kimerely        Grant           KGRANT     011.44.1644.429263   24-MAY-99 SA_REP           7000            .15        149                                                                   
        200 Jennifer        Whalen          JWHALEN    515.123.4444         17-SEP-87 AD_ASST          4400                       101            10                                                     
        201 Michael         Hartstein       MHARTSTE   515.123.5555         17-FEB-96 MK_MAN          13000                       100            20                                                     
        202 Pat             Fay             PFAY       603.123.6666         17-AUG-97 MK_REP           6000                       201            20                                                     
        205 Shelley         Higgins         SHIGGINS   515.123.8080         07-JUN-94 AC_MGR          12000                       101           110                                                     
        206 William         Gietz           WGIETZ     515.123.8181         07-JUN-94 AC_ACCOUNT       8300                       205           110                                                     

20 rows selected.

SQL> INSERT INTO D1 VALUES (40,'RES',(SELECT EMPLOYEE_ID FROM EMPLOYEES WHERE FIRST_NAME = 'Jennifer'),1600);

1 row created.

SQL> INSERT INTO D1 VALUES (40,'RES',(SELECT EMPLOYEE_ID FROM EMPLOYEES WHERE DEPARTMENT_ID=90),1600);
INSERT INTO D1 VALUES (40,'RES',(SELECT EMPLOYEE_ID FROM EMPLOYEES WHERE DEPARTMENT_ID=90),1600)
                                 *
ERROR at line 1:
ORA-01427: single-row subquery returns more than one row 


SQL> INSERT INTO D1 VALUES (40,'RES',(SELECT EMPLOYEE_ID , MANAGER_ID FROM EMPLOYEES WHERE FIRST_NAME = 'Jennifer'),1600);
INSERT INTO D1 VALUES (40,'RES',(SELECT EMPLOYEE_ID , MANAGER_ID FROM EMPLOYEES WHERE FIRST_NAME = 'Jennifer'),1600)
                                 *
ERROR at line 1:
ORA-00913: too many values 


SQL> REM INSERT ... sub query
SQL> 
SQL> INSERT INTO D1 SELECT * FROM DEPARTMENTS;

8 rows created.

SQL> INSERT INTO D1 SELECT * FROM DEPARTMENTS WHERE DEPARTMENT_ID IN (110);

1 row created.

SQL> INSERT INTO D1 SELECT * FROM DEPARTMENTS WHERE DEPARTMENT_ID IN (110, 50, 90);

3 rows created.

SQL> SELECT * FROM D1;

DEPARTMENT_ID DEPARTMENT_NAME                MANAGER_ID LOCATION_ID                                                                                                                                     
------------- ------------------------------ ---------- -----------                                                                                                                                     
           10 ACC                                   100        1500                                                                                                                                     
           20 ACC                                   100        1500                                                                                                                                     
           30 ACC                                   100        1500                                                                                                                                     
           40 RES                                   200        1600                                                                                                                                     
           10 Administration                        200        1700                                                                                                                                     
           20 Marketing                             201        1800                                                                                                                                     
           50 Shiping                               124        1500                                                                                                                                     
           60 IT                                    103        1400                                                                                                                                     
           80 Sales                                 149        2500                                                                                                                                     
           90 Executive                             100        1700                                                                                                                                     
          110 Accounting                            205        1700                                                                                                                                     
          190 Contracting                                      1700                                                                                                                                     
          110 Accounting                            205        1700                                                                                                                                     
           50 Shiping                               124        1500                                                                                                                                     
           90 Executive                             100        1700                                                                                                                                     
          110 Accounting                            205        1700                                                                                                                                     

16 rows selected.

SQL> INSERT INTO D1 (DEPARTMENT_ID , DEPARTMENT_NAME) SELECT DEPARTMENT_ID, DEPARTMENT_NAME FROM DEPARTMENTS WHERE DEPARTMENT_ID IN (110, 50, 90);

3 rows created.

SQL> SELECT * FROM D1;

DEPARTMENT_ID DEPARTMENT_NAME                MANAGER_ID LOCATION_ID                                                                                                                                     
------------- ------------------------------ ---------- -----------                                                                                                                                     
           10 ACC                                   100        1500                                                                                                                                     
           20 ACC                                   100        1500                                                                                                                                     
           30 ACC                                   100        1500                                                                                                                                     
           40 RES                                   200        1600                                                                                                                                     
           10 Administration                        200        1700                                                                                                                                     
           20 Marketing                             201        1800                                                                                                                                     
           50 Shiping                               124        1500                                                                                                                                     
           60 IT                                    103        1400                                                                                                                                     
           80 Sales                                 149        2500                                                                                                                                     
           90 Executive                             100        1700                                                                                                                                     
          110 Accounting                            205        1700                                                                                                                                     
          190 Contracting                                      1700                                                                                                                                     
          110 Accounting                            205        1700                                                                                                                                     
           50 Shiping                               124        1500                                                                                                                                     
           90 Executive                             100        1700                                                                                                                                     
          110 Accounting                            205        1700                                                                                                                                     
           50 Shiping                                                                                                                                                                                   
           90 Executive                                                                                                                                                                                 
          110 Accounting                                                                                                                                                                                

19 rows selected.

SQL> INSERT INTO D1 SELECT * FROM DEPARTMENTS WHERE DEPARTMENT_ID IN (&DID);
Enter value for did: 80
old   1: INSERT INTO D1 SELECT * FROM DEPARTMENTS WHERE DEPARTMENT_ID IN (&DID)
new   1: INSERT INTO D1 SELECT * FROM DEPARTMENTS WHERE DEPARTMENT_ID IN (80)

1 row created.

SQL> SELECT * FROM D1;

DEPARTMENT_ID DEPARTMENT_NAME                MANAGER_ID LOCATION_ID                                                                                                                                     
------------- ------------------------------ ---------- -----------                                                                                                                                     
           10 ACC                                   100        1500                                                                                                                                     
           20 ACC                                   100        1500                                                                                                                                     
           30 ACC                                   100        1500                                                                                                                                     
           40 RES                                   200        1600                                                                                                                                     
           10 Administration                        200        1700                                                                                                                                     
           20 Marketing                             201        1800                                                                                                                                     
           50 Shiping                               124        1500                                                                                                                                     
           60 IT                                    103        1400                                                                                                                                     
           80 Sales                                 149        2500                                                                                                                                     
           90 Executive                             100        1700                                                                                                                                     
          110 Accounting                            205        1700                                                                                                                                     
          190 Contracting                                      1700                                                                                                                                     
          110 Accounting                            205        1700                                                                                                                                     
           50 Shiping                               124        1500                                                                                                                                     
           90 Executive                             100        1700                                                                                                                                     
          110 Accounting                            205        1700                                                                                                                                     
           50 Shiping                                                                                                                                                                                   
           90 Executive                                                                                                                                                                                 
          110 Accounting                                                                                                                                                                                
           80 Sales                                 149        2500                                                                                                                                     

20 rows selected.

SQL> SELECT * FROM EMPLOYEES WHERE SALARY > &SAL;
Enter value for sal: 13000
old   1: SELECT * FROM EMPLOYEES WHERE SALARY > &SAL
new   1: SELECT * FROM EMPLOYEES WHERE SALARY > 13000

EMPLOYEE_ID FIRST_NAME      LAST_NAME       EMAIL      PHONE_NUMBER         HIRE_DATE JOB_ID         SALARY COMMISSION_PCT MANAGER_ID DEPARTMENT_ID                                                     
----------- --------------- --------------- ---------- -------------------- --------- ---------- ---------- -------------- ---------- -------------                                                     
        100 Steven          King            SKING      515.123.4567         17-JUL-87 AD_PRES         24000                                      90                                                     
        101 Neena           Kochhar         NKOCHHAR   515.123.4568         21-SEP-89 AD_VP           17000                       100            90                                                     
        102 Lex             De Haan         LDEHAAN    515.123.4569         13-JAN-93 AD_VP           17000                       100            90                                                     

SQL> /
Enter value for sal: 10000
old   1: SELECT * FROM EMPLOYEES WHERE SALARY > &SAL
new   1: SELECT * FROM EMPLOYEES WHERE SALARY > 10000

EMPLOYEE_ID FIRST_NAME      LAST_NAME       EMAIL      PHONE_NUMBER         HIRE_DATE JOB_ID         SALARY COMMISSION_PCT MANAGER_ID DEPARTMENT_ID                                                     
----------- --------------- --------------- ---------- -------------------- --------- ---------- ---------- -------------- ---------- -------------                                                     
        100 Steven          King            SKING      515.123.4567         17-JUL-87 AD_PRES         24000                                      90                                                     
        101 Neena           Kochhar         NKOCHHAR   515.123.4568         21-SEP-89 AD_VP           17000                       100            90                                                     
        102 Lex             De Haan         LDEHAAN    515.123.4569         13-JAN-93 AD_VP           17000                       100            90                                                     
        149 Eleni           Zlotkey         EZLOTKEY   011.44.1344.429018   29-JAN-00 SA_MAN          10500             .2        100            80                                                     
        174 Ellen           Abel            EABEL      011.44.1644.429267   11-MAY-96 SA_REP          11000             .3        149            80                                                     
        201 Michael         Hartstein       MHARTSTE   515.123.5555         17-FEB-96 MK_MAN          13000                       100            20                                                     
        205 Shelley         Higgins         SHIGGINS   515.123.8080         07-JUN-94 AC_MGR          12000                       101           110                                                     

7 rows selected.

SQL> /
Enter value for sal: 6000
old   1: SELECT * FROM EMPLOYEES WHERE SALARY > &SAL
new   1: SELECT * FROM EMPLOYEES WHERE SALARY > 6000

EMPLOYEE_ID FIRST_NAME      LAST_NAME       EMAIL      PHONE_NUMBER         HIRE_DATE JOB_ID         SALARY COMMISSION_PCT MANAGER_ID DEPARTMENT_ID                                                     
----------- --------------- --------------- ---------- -------------------- --------- ---------- ---------- -------------- ---------- -------------                                                     
        100 Steven          King            SKING      515.123.4567         17-JUL-87 AD_PRES         24000                                      90                                                     
        101 Neena           Kochhar         NKOCHHAR   515.123.4568         21-SEP-89 AD_VP           17000                       100            90                                                     
        102 Lex             De Haan         LDEHAAN    515.123.4569         13-JAN-93 AD_VP           17000                       100            90                                                     
        103 Alexander       Hunold          AHUNOLD    590.423.4567         03-JAN-90 IT_PROG          9000                       102            60                                                     
        149 Eleni           Zlotkey         EZLOTKEY   011.44.1344.429018   29-JAN-00 SA_MAN          10500             .2        100            80                                                     
        174 Ellen           Abel            EABEL      011.44.1644.429267   11-MAY-96 SA_REP          11000             .3        149            80                                                     
        176 Jonathon        Taylor          JTAYLOR    011.44.1644.429265   24-MAR-98 SA_REP           8600             .3        149            80                                                     
        178 Kimerely        Grant           KGRANT     011.44.1644.429263   24-MAY-99 SA_REP           7000            .15        149                                                                   
        201 Michael         Hartstein       MHARTSTE   515.123.5555         17-FEB-96 MK_MAN          13000                       100            20                                                     
        205 Shelley         Higgins         SHIGGINS   515.123.8080         07-JUN-94 AC_MGR          12000                       101           110                                                     
        206 William         Gietz           WGIETZ     515.123.8181         07-JUN-94 AC_ACCOUNT       8300                       205           110                                                     

11 rows selected.

SQL> /
Enter value for sal: 4000
old   1: SELECT * FROM EMPLOYEES WHERE SALARY > &SAL
new   1: SELECT * FROM EMPLOYEES WHERE SALARY > 4000

EMPLOYEE_ID FIRST_NAME      LAST_NAME       EMAIL      PHONE_NUMBER         HIRE_DATE JOB_ID         SALARY COMMISSION_PCT MANAGER_ID DEPARTMENT_ID                                                     
----------- --------------- --------------- ---------- -------------------- --------- ---------- ---------- -------------- ---------- -------------                                                     
        100 Steven          King            SKING      515.123.4567         17-JUL-87 AD_PRES         24000                                      90                                                     
        101 Neena           Kochhar         NKOCHHAR   515.123.4568         21-SEP-89 AD_VP           17000                       100            90                                                     
        102 Lex             De Haan         LDEHAAN    515.123.4569         13-JAN-93 AD_VP           17000                       100            90                                                     
        103 Alexander       Hunold          AHUNOLD    590.423.4567         03-JAN-90 IT_PROG          9000                       102            60                                                     
        104 Bruce           Ernst           BERNST     590.423.4568         21-MAY-91 IT_PROG          6000                       103            60                                                     
        107 Diana           Lorentz         DLORENTZ   590.423.5567         07-FEB-99 IT_PROG          4200                       103            60                                                     
        124 Kevin           Mourgos         KMOURGOS   650.123.5234         16-NOV-99 ST_MAN           5800                       100            50                                                     
        149 Eleni           Zlotkey         EZLOTKEY   011.44.1344.429018   29-JAN-00 SA_MAN          10500             .2        100            80                                                     
        174 Ellen           Abel            EABEL      011.44.1644.429267   11-MAY-96 SA_REP          11000             .3        149            80                                                     
        176 Jonathon        Taylor          JTAYLOR    011.44.1644.429265   24-MAR-98 SA_REP           8600             .3        149            80                                                     
        178 Kimerely        Grant           KGRANT     011.44.1644.429263   24-MAY-99 SA_REP           7000            .15        149                                                                   
        200 Jennifer        Whalen          JWHALEN    515.123.4444         17-SEP-87 AD_ASST          4400                       101            10                                                     
        201 Michael         Hartstein       MHARTSTE   515.123.5555         17-FEB-96 MK_MAN          13000                       100            20                                                     
        202 Pat             Fay             PFAY       603.123.6666         17-AUG-97 MK_REP           6000                       201            20                                                     
        205 Shelley         Higgins         SHIGGINS   515.123.8080         07-JUN-94 AC_MGR          12000                       101           110                                                     
        206 William         Gietz           WGIETZ     515.123.8181         07-JUN-94 AC_ACCOUNT       8300                       205           110                                                     

16 rows selected.

SQL> SELECT * FROM D1;

DEPARTMENT_ID DEPARTMENT_NAME                MANAGER_ID LOCATION_ID                                                                                                                                     
------------- ------------------------------ ---------- -----------                                                                                                                                     
           10 ACC                                   100        1500                                                                                                                                     
           20 ACC                                   100        1500                                                                                                                                     
           30 ACC                                   100        1500                                                                                                                                     
           40 RES                                   200        1600                                                                                                                                     
           10 Administration                        200        1700                                                                                                                                     
           20 Marketing                             201        1800                                                                                                                                     
           50 Shiping                               124        1500                                                                                                                                     
           60 IT                                    103        1400                                                                                                                                     
           80 Sales                                 149        2500                                                                                                                                     
           90 Executive                             100        1700                                                                                                                                     
          110 Accounting                            205        1700                                                                                                                                     
          190 Contracting                                      1700                                                                                                                                     
          110 Accounting                            205        1700                                                                                                                                     
           50 Shiping                               124        1500                                                                                                                                     
           90 Executive                             100        1700                                                                                                                                     
          110 Accounting                            205        1700                                                                                                                                     
           50 Shiping                                                                                                                                                                                   
           90 Executive                                                                                                                                                                                 
          110 Accounting                                                                                                                                                                                
           80 Sales                                 149        2500                                                                                                                                     

20 rows selected.

SQL> REM DELETE SYNTAX : DELETE FROM table_name WHERE condition;
SQL> 
SQL> DELETE FROM D1 WHERE MANAGER_ID IS NULL;

4 rows deleted.

SQL> SELECT * FROM D1;

DEPARTMENT_ID DEPARTMENT_NAME                MANAGER_ID LOCATION_ID                                                                                                                                     
------------- ------------------------------ ---------- -----------                                                                                                                                     
           10 ACC                                   100        1500                                                                                                                                     
           20 ACC                                   100        1500                                                                                                                                     
           30 ACC                                   100        1500                                                                                                                                     
           40 RES                                   200        1600                                                                                                                                     
           10 Administration                        200        1700                                                                                                                                     
           20 Marketing                             201        1800                                                                                                                                     
           50 Shiping                               124        1500                                                                                                                                     
           60 IT                                    103        1400                                                                                                                                     
           80 Sales                                 149        2500                                                                                                                                     
           90 Executive                             100        1700                                                                                                                                     
          110 Accounting                            205        1700                                                                                                                                     
          110 Accounting                            205        1700                                                                                                                                     
           50 Shiping                               124        1500                                                                                                                                     
           90 Executive                             100        1700                                                                                                                                     
          110 Accounting                            205        1700                                                                                                                                     
           80 Sales                                 149        2500                                                                                                                                     

16 rows selected.

SQL> DELETE D1 WHERE DEPARTMENT_ID > 100;

3 rows deleted.

SQL> SELECT * FROM D1;

DEPARTMENT_ID DEPARTMENT_NAME                MANAGER_ID LOCATION_ID                                                                                                                                     
------------- ------------------------------ ---------- -----------                                                                                                                                     
           10 ACC                                   100        1500                                                                                                                                     
           20 ACC                                   100        1500                                                                                                                                     
           30 ACC                                   100        1500                                                                                                                                     
           40 RES                                   200        1600                                                                                                                                     
           10 Administration                        200        1700                                                                                                                                     
           20 Marketing                             201        1800                                                                                                                                     
           50 Shiping                               124        1500                                                                                                                                     
           60 IT                                    103        1400                                                                                                                                     
           80 Sales                                 149        2500                                                                                                                                     
           90 Executive                             100        1700                                                                                                                                     
           50 Shiping                               124        1500                                                                                                                                     
           90 Executive                             100        1700                                                                                                                                     
           80 Sales                                 149        2500                                                                                                                                     

13 rows selected.

SQL> DELETE FROM D1;

13 rows deleted.

SQL> SELECT * FROM D1;

no rows selected

SQL> rollback;

Rollback complete.

SQL> SELECT * FROM D1;

no rows selected

SQL> DELETE D1 WHERE DEPARTMENT_ID IN (SELECT DEPARTMENT_ID FROM EMPLOYEES WHERE FIRST_NAME = 'Steven');

0 rows deleted.

SQL> SELECT * FROM EMPLOYEES;

EMPLOYEE_ID FIRST_NAME      LAST_NAME       EMAIL      PHONE_NUMBER         HIRE_DATE JOB_ID         SALARY COMMISSION_PCT MANAGER_ID DEPARTMENT_ID                                                     
----------- --------------- --------------- ---------- -------------------- --------- ---------- ---------- -------------- ---------- -------------                                                     
        100 Steven          King            SKING      515.123.4567         17-JUL-87 AD_PRES         24000                                      90                                                     
        101 Neena           Kochhar         NKOCHHAR   515.123.4568         21-SEP-89 AD_VP           17000                       100            90                                                     
        102 Lex             De Haan         LDEHAAN    515.123.4569         13-JAN-93 AD_VP           17000                       100            90                                                     
        103 Alexander       Hunold          AHUNOLD    590.423.4567         03-JAN-90 IT_PROG          9000                       102            60                                                     
        104 Bruce           Ernst           BERNST     590.423.4568         21-MAY-91 IT_PROG          6000                       103            60                                                     
        107 Diana           Lorentz         DLORENTZ   590.423.5567         07-FEB-99 IT_PROG          4200                       103            60                                                     
        124 Kevin           Mourgos         KMOURGOS   650.123.5234         16-NOV-99 ST_MAN           5800                       100            50                                                     
        141 Trenna          Rajs            TRAJS      650.121.8009         17-OCT-95 ST_CLERK         3500                       124            50                                                     
        142 Curtis          Davies          CDAVIES    650.121.2994         29-JAN-97 ST_CLERK         3100                       124            50                                                     
        143 Randall         Matos           RMATOS     650.121.2874         15-MAR-98 ST_CLERK         2600                       124            50                                                     
        144 Peter           Vargas                     650.121.2004         09-JUL-98 ST_CLERK         2500                       124            50                                                     
        149 Eleni           Zlotkey         EZLOTKEY   011.44.1344.429018   29-JAN-00 SA_MAN          10500             .2        100            80                                                     
        174 Ellen           Abel            EABEL      011.44.1644.429267   11-MAY-96 SA_REP          11000             .3        149            80                                                     
        176 Jonathon        Taylor          JTAYLOR    011.44.1644.429265   24-MAR-98 SA_REP           8600             .3        149            80                                                     
        178 Kimerely        Grant           KGRANT     011.44.1644.429263   24-MAY-99 SA_REP           7000            .15        149                                                                   
        200 Jennifer        Whalen          JWHALEN    515.123.4444         17-SEP-87 AD_ASST          4400                       101            10                                                     
        201 Michael         Hartstein       MHARTSTE   515.123.5555         17-FEB-96 MK_MAN          13000                       100            20                                                     
        202 Pat             Fay             PFAY       603.123.6666         17-AUG-97 MK_REP           6000                       201            20                                                     
        205 Shelley         Higgins         SHIGGINS   515.123.8080         07-JUN-94 AC_MGR          12000                       101           110                                                     
        206 William         Gietz           WGIETZ     515.123.8181         07-JUN-94 AC_ACCOUNT       8300                       205           110                                                     

20 rows selected.

SQL> INSERT INTO D1 SELECT * FROM DEPARTMENTS;

8 rows created.

SQL> COMMIT;

Commit complete.

SQL> 
SQL> SELECT * FROM D1;

DEPARTMENT_ID DEPARTMENT_NAME                MANAGER_ID LOCATION_ID                                                                                                                                     
------------- ------------------------------ ---------- -----------                                                                                                                                     
           10 Administration                        200        1700                                                                                                                                     
           20 Marketing                             201        1800                                                                                                                                     
           50 Shiping                               124        1500                                                                                                                                     
           60 IT                                    103        1400                                                                                                                                     
           80 Sales                                 149        2500                                                                                                                                     
           90 Executive                             100        1700                                                                                                                                     
          110 Accounting                            205        1700                                                                                                                                     
          190 Contracting                                      1700                                                                                                                                     

8 rows selected.

SQL> DELETE D1 WHERE DEPARTMENT_ID IN (SELECT DEPARTMENT_ID FROM EMPLOYEES WHERE FIRST_NAME = 'Steven');

1 row deleted.

SQL> SELECT * FROM D1;

DEPARTMENT_ID DEPARTMENT_NAME                MANAGER_ID LOCATION_ID                                                                                                                                     
------------- ------------------------------ ---------- -----------                                                                                                                                     
           10 Administration                        200        1700                                                                                                                                     
           20 Marketing                             201        1800                                                                                                                                     
           50 Shiping                               124        1500                                                                                                                                     
           60 IT                                    103        1400                                                                                                                                     
           80 Sales                                 149        2500                                                                                                                                     
          110 Accounting                            205        1700                                                                                                                                     
          190 Contracting                                      1700                                                                                                                                     

7 rows selected.

SQL> DELETE D1 WHERE DEPARTMENT_ID IN (&DID);
Enter value for did: 110
old   1: DELETE D1 WHERE DEPARTMENT_ID IN (&DID)
new   1: DELETE D1 WHERE DEPARTMENT_ID IN (110)

1 row deleted.

SQL> /
Enter value for did: 80
old   1: DELETE D1 WHERE DEPARTMENT_ID IN (&DID)
new   1: DELETE D1 WHERE DEPARTMENT_ID IN (80)

1 row deleted.

SQL> /
Enter value for did: 20
old   1: DELETE D1 WHERE DEPARTMENT_ID IN (&DID)
new   1: DELETE D1 WHERE DEPARTMENT_ID IN (20)

1 row deleted.

SQL> SELECT * FROM DEPARTMENTS;

DEPARTMENT_ID DEPARTMENT_NAME                MANAGER_ID LOCATION_ID                                                                                                                                     
------------- ------------------------------ ---------- -----------                                                                                                                                     
           10 Administration                        200        1700                                                                                                                                     
           20 Marketing                             201        1800                                                                                                                                     
           50 Shiping                               124        1500                                                                                                                                     
           60 IT                                    103        1400                                                                                                                                     
           80 Sales                                 149        2500                                                                                                                                     
           90 Executive                             100        1700                                                                                                                                     
          110 Accounting                            205        1700                                                                                                                                     
          190 Contracting                                      1700                                                                                                                                     

8 rows selected.

SQL> SELECT * FROM D1;

DEPARTMENT_ID DEPARTMENT_NAME                MANAGER_ID LOCATION_ID                                                                                                                                     
------------- ------------------------------ ---------- -----------                                                                                                                                     
           10 Administration                        200        1700                                                                                                                                     
           50 Shiping                               124        1500                                                                                                                                     
           60 IT                                    103        1400                                                                                                                                     
          190 Contracting                                      1700                                                                                                                                     

SQL> REM UPDATE : IS USED TO CHANGE/EDIT/MODIFY/UPDATE EXISTING ROW VALUES.
SQL> 
SQL> REM UPDATE SYNTAX : UPDATE table_name SET columnname = VALUE , ... WHERE condition;
SQL> 
SQL> DROP TABLE E1;

Table dropped.

SQL> CREATE TABLE E1 AS SELECT * FROM EMPLOYEES;

Table created.

SQL> DESC E1
 Name                                                                                                              Null?    Type
 ----------------------------------------------------------------------------------------------------------------- -------- ----------------------------------------------------------------------------
 EMPLOYEE_ID                                                                                                       NOT NULL NUMBER(6)
 FIRST_NAME                                                                                                                 VARCHAR2(15)
 LAST_NAME                                                                                                         NOT NULL VARCHAR2(15)
 EMAIL                                                                                                                      VARCHAR2(10)
 PHONE_NUMBER                                                                                                               VARCHAR2(20)
 HIRE_DATE                                                                                                         NOT NULL DATE
 JOB_ID                                                                                                            NOT NULL VARCHAR2(10)
 SALARY                                                                                                                     NUMBER(8,2)
 COMMISSION_PCT                                                                                                             NUMBER(2,2)
 MANAGER_ID                                                                                                                 NUMBER(6)
 DEPARTMENT_ID                                                                                                              NUMBER(4)

SQL> SELECT * FROM E1;

EMPLOYEE_ID FIRST_NAME      LAST_NAME       EMAIL      PHONE_NUMBER         HIRE_DATE JOB_ID         SALARY COMMISSION_PCT MANAGER_ID DEPARTMENT_ID                                                     
----------- --------------- --------------- ---------- -------------------- --------- ---------- ---------- -------------- ---------- -------------                                                     
        100 Steven          King            SKING      515.123.4567         17-JUL-87 AD_PRES         24000                                      90                                                     
        101 Neena           Kochhar         NKOCHHAR   515.123.4568         21-SEP-89 AD_VP           17000                       100            90                                                     
        102 Lex             De Haan         LDEHAAN    515.123.4569         13-JAN-93 AD_VP           17000                       100            90                                                     
        103 Alexander       Hunold          AHUNOLD    590.423.4567         03-JAN-90 IT_PROG          9000                       102            60                                                     
        104 Bruce           Ernst           BERNST     590.423.4568         21-MAY-91 IT_PROG          6000                       103            60                                                     
        107 Diana           Lorentz         DLORENTZ   590.423.5567         07-FEB-99 IT_PROG          4200                       103            60                                                     
        124 Kevin           Mourgos         KMOURGOS   650.123.5234         16-NOV-99 ST_MAN           5800                       100            50                                                     
        141 Trenna          Rajs            TRAJS      650.121.8009         17-OCT-95 ST_CLERK         3500                       124            50                                                     
        142 Curtis          Davies          CDAVIES    650.121.2994         29-JAN-97 ST_CLERK         3100                       124            50                                                     
        143 Randall         Matos           RMATOS     650.121.2874         15-MAR-98 ST_CLERK         2600                       124            50                                                     
        144 Peter           Vargas                     650.121.2004         09-JUL-98 ST_CLERK         2500                       124            50                                                     
        149 Eleni           Zlotkey         EZLOTKEY   011.44.1344.429018   29-JAN-00 SA_MAN          10500             .2        100            80                                                     
        174 Ellen           Abel            EABEL      011.44.1644.429267   11-MAY-96 SA_REP          11000             .3        149            80                                                     
        176 Jonathon        Taylor          JTAYLOR    011.44.1644.429265   24-MAR-98 SA_REP           8600             .3        149            80                                                     
        178 Kimerely        Grant           KGRANT     011.44.1644.429263   24-MAY-99 SA_REP           7000            .15        149                                                                   
        200 Jennifer        Whalen          JWHALEN    515.123.4444         17-SEP-87 AD_ASST          4400                       101            10                                                     
        201 Michael         Hartstein       MHARTSTE   515.123.5555         17-FEB-96 MK_MAN          13000                       100            20                                                     
        202 Pat             Fay             PFAY       603.123.6666         17-AUG-97 MK_REP           6000                       201            20                                                     
        205 Shelley         Higgins         SHIGGINS   515.123.8080         07-JUN-94 AC_MGR          12000                       101           110                                                     
        206 William         Gietz           WGIETZ     515.123.8181         07-JUN-94 AC_ACCOUNT       8300                       205           110                                                     

20 rows selected.

SQL> UPDATE E1 SET SALARY = SALARY + 1500 WHERE DEPARTMENT_ID = 50;

5 rows updated.

SQL> SELECT * FROM E1;

EMPLOYEE_ID FIRST_NAME      LAST_NAME       EMAIL      PHONE_NUMBER         HIRE_DATE JOB_ID         SALARY COMMISSION_PCT MANAGER_ID DEPARTMENT_ID                                                     
----------- --------------- --------------- ---------- -------------------- --------- ---------- ---------- -------------- ---------- -------------                                                     
        100 Steven          King            SKING      515.123.4567         17-JUL-87 AD_PRES         24000                                      90                                                     
        101 Neena           Kochhar         NKOCHHAR   515.123.4568         21-SEP-89 AD_VP           17000                       100            90                                                     
        102 Lex             De Haan         LDEHAAN    515.123.4569         13-JAN-93 AD_VP           17000                       100            90                                                     
        103 Alexander       Hunold          AHUNOLD    590.423.4567         03-JAN-90 IT_PROG          9000                       102            60                                                     
        104 Bruce           Ernst           BERNST     590.423.4568         21-MAY-91 IT_PROG          6000                       103            60                                                     
        107 Diana           Lorentz         DLORENTZ   590.423.5567         07-FEB-99 IT_PROG          4200                       103            60                                                     
        124 Kevin           Mourgos         KMOURGOS   650.123.5234         16-NOV-99 ST_MAN           7300                       100            50                                                     
        141 Trenna          Rajs            TRAJS      650.121.8009         17-OCT-95 ST_CLERK         5000                       124            50                                                     
        142 Curtis          Davies          CDAVIES    650.121.2994         29-JAN-97 ST_CLERK         4600                       124            50                                                     
        143 Randall         Matos           RMATOS     650.121.2874         15-MAR-98 ST_CLERK         4100                       124            50                                                     
        144 Peter           Vargas                     650.121.2004         09-JUL-98 ST_CLERK         4000                       124            50                                                     
        149 Eleni           Zlotkey         EZLOTKEY   011.44.1344.429018   29-JAN-00 SA_MAN          10500             .2        100            80                                                     
        174 Ellen           Abel            EABEL      011.44.1644.429267   11-MAY-96 SA_REP          11000             .3        149            80                                                     
        176 Jonathon        Taylor          JTAYLOR    011.44.1644.429265   24-MAR-98 SA_REP           8600             .3        149            80                                                     
        178 Kimerely        Grant           KGRANT     011.44.1644.429263   24-MAY-99 SA_REP           7000            .15        149                                                                   
        200 Jennifer        Whalen          JWHALEN    515.123.4444         17-SEP-87 AD_ASST          4400                       101            10                                                     
        201 Michael         Hartstein       MHARTSTE   515.123.5555         17-FEB-96 MK_MAN          13000                       100            20                                                     
        202 Pat             Fay             PFAY       603.123.6666         17-AUG-97 MK_REP           6000                       201            20                                                     
        205 Shelley         Higgins         SHIGGINS   515.123.8080         07-JUN-94 AC_MGR          12000                       101           110                                                     
        206 William         Gietz           WGIETZ     515.123.8181         07-JUN-94 AC_ACCOUNT       8300                       205           110                                                     

20 rows selected.

SQL> UPDATE E1 SET EMAIL = LOWER(EMAIL);

20 rows updated.

SQL> SELECT * FROM E1;

EMPLOYEE_ID FIRST_NAME      LAST_NAME       EMAIL      PHONE_NUMBER         HIRE_DATE JOB_ID         SALARY COMMISSION_PCT MANAGER_ID DEPARTMENT_ID                                                     
----------- --------------- --------------- ---------- -------------------- --------- ---------- ---------- -------------- ---------- -------------                                                     
        100 Steven          King            sking      515.123.4567         17-JUL-87 AD_PRES         24000                                      90                                                     
        101 Neena           Kochhar         nkochhar   515.123.4568         21-SEP-89 AD_VP           17000                       100            90                                                     
        102 Lex             De Haan         ldehaan    515.123.4569         13-JAN-93 AD_VP           17000                       100            90                                                     
        103 Alexander       Hunold          ahunold    590.423.4567         03-JAN-90 IT_PROG          9000                       102            60                                                     
        104 Bruce           Ernst           bernst     590.423.4568         21-MAY-91 IT_PROG          6000                       103            60                                                     
        107 Diana           Lorentz         dlorentz   590.423.5567         07-FEB-99 IT_PROG          4200                       103            60                                                     
        124 Kevin           Mourgos         kmourgos   650.123.5234         16-NOV-99 ST_MAN           7300                       100            50                                                     
        141 Trenna          Rajs            trajs      650.121.8009         17-OCT-95 ST_CLERK         5000                       124            50                                                     
        142 Curtis          Davies          cdavies    650.121.2994         29-JAN-97 ST_CLERK         4600                       124            50                                                     
        143 Randall         Matos           rmatos     650.121.2874         15-MAR-98 ST_CLERK         4100                       124            50                                                     
        144 Peter           Vargas                     650.121.2004         09-JUL-98 ST_CLERK         4000                       124            50                                                     
        149 Eleni           Zlotkey         ezlotkey   011.44.1344.429018   29-JAN-00 SA_MAN          10500             .2        100            80                                                     
        174 Ellen           Abel            eabel      011.44.1644.429267   11-MAY-96 SA_REP          11000             .3        149            80                                                     
        176 Jonathon        Taylor          jtaylor    011.44.1644.429265   24-MAR-98 SA_REP           8600             .3        149            80                                                     
        178 Kimerely        Grant           kgrant     011.44.1644.429263   24-MAY-99 SA_REP           7000            .15        149                                                                   
        200 Jennifer        Whalen          jwhalen    515.123.4444         17-SEP-87 AD_ASST          4400                       101            10                                                     
        201 Michael         Hartstein       mhartste   515.123.5555         17-FEB-96 MK_MAN          13000                       100            20                                                     
        202 Pat             Fay             pfay       603.123.6666         17-AUG-97 MK_REP           6000                       201            20                                                     
        205 Shelley         Higgins         shiggins   515.123.8080         07-JUN-94 AC_MGR          12000                       101           110                                                     
        206 William         Gietz           wgietz     515.123.8181         07-JUN-94 AC_ACCOUNT       8300                       205           110                                                     

20 rows selected.

SQL> UPDATE E1 SET SALARY = SALARY * 1.2 WHERE JOB_ID = 'SA_REP';

3 rows updated.

SQL> SELECT * FROM E1;

EMPLOYEE_ID FIRST_NAME      LAST_NAME       EMAIL      PHONE_NUMBER         HIRE_DATE JOB_ID         SALARY COMMISSION_PCT MANAGER_ID DEPARTMENT_ID                                                     
----------- --------------- --------------- ---------- -------------------- --------- ---------- ---------- -------------- ---------- -------------                                                     
        100 Steven          King            sking      515.123.4567         17-JUL-87 AD_PRES         24000                                      90                                                     
        101 Neena           Kochhar         nkochhar   515.123.4568         21-SEP-89 AD_VP           17000                       100            90                                                     
        102 Lex             De Haan         ldehaan    515.123.4569         13-JAN-93 AD_VP           17000                       100            90                                                     
        103 Alexander       Hunold          ahunold    590.423.4567         03-JAN-90 IT_PROG          9000                       102            60                                                     
        104 Bruce           Ernst           bernst     590.423.4568         21-MAY-91 IT_PROG          6000                       103            60                                                     
        107 Diana           Lorentz         dlorentz   590.423.5567         07-FEB-99 IT_PROG          4200                       103            60                                                     
        124 Kevin           Mourgos         kmourgos   650.123.5234         16-NOV-99 ST_MAN           7300                       100            50                                                     
        141 Trenna          Rajs            trajs      650.121.8009         17-OCT-95 ST_CLERK         5000                       124            50                                                     
        142 Curtis          Davies          cdavies    650.121.2994         29-JAN-97 ST_CLERK         4600                       124            50                                                     
        143 Randall         Matos           rmatos     650.121.2874         15-MAR-98 ST_CLERK         4100                       124            50                                                     
        144 Peter           Vargas                     650.121.2004         09-JUL-98 ST_CLERK         4000                       124            50                                                     
        149 Eleni           Zlotkey         ezlotkey   011.44.1344.429018   29-JAN-00 SA_MAN          10500             .2        100            80                                                     
        174 Ellen           Abel            eabel      011.44.1644.429267   11-MAY-96 SA_REP          13200             .3        149            80                                                     
        176 Jonathon        Taylor          jtaylor    011.44.1644.429265   24-MAR-98 SA_REP          10320             .3        149            80                                                     
        178 Kimerely        Grant           kgrant     011.44.1644.429263   24-MAY-99 SA_REP           8400            .15        149                                                                   
        200 Jennifer        Whalen          jwhalen    515.123.4444         17-SEP-87 AD_ASST          4400                       101            10                                                     
        201 Michael         Hartstein       mhartste   515.123.5555         17-FEB-96 MK_MAN          13000                       100            20                                                     
        202 Pat             Fay             pfay       603.123.6666         17-AUG-97 MK_REP           6000                       201            20                                                     
        205 Shelley         Higgins         shiggins   515.123.8080         07-JUN-94 AC_MGR          12000                       101           110                                                     
        206 William         Gietz           wgietz     515.123.8181         07-JUN-94 AC_ACCOUNT       8300                       205           110                                                     

20 rows selected.

SQL> UPDATE E1 SET JOB_ID = 'AC_MGR' , SALARY = 10000 WHERE EMPLOYEE_ID = 206;

1 row updated.

SQL> SELECT * FROM E1;

EMPLOYEE_ID FIRST_NAME      LAST_NAME       EMAIL      PHONE_NUMBER         HIRE_DATE JOB_ID         SALARY COMMISSION_PCT MANAGER_ID DEPARTMENT_ID                                                     
----------- --------------- --------------- ---------- -------------------- --------- ---------- ---------- -------------- ---------- -------------                                                     
        100 Steven          King            sking      515.123.4567         17-JUL-87 AD_PRES         24000                                      90                                                     
        101 Neena           Kochhar         nkochhar   515.123.4568         21-SEP-89 AD_VP           17000                       100            90                                                     
        102 Lex             De Haan         ldehaan    515.123.4569         13-JAN-93 AD_VP           17000                       100            90                                                     
        103 Alexander       Hunold          ahunold    590.423.4567         03-JAN-90 IT_PROG          9000                       102            60                                                     
        104 Bruce           Ernst           bernst     590.423.4568         21-MAY-91 IT_PROG          6000                       103            60                                                     
        107 Diana           Lorentz         dlorentz   590.423.5567         07-FEB-99 IT_PROG          4200                       103            60                                                     
        124 Kevin           Mourgos         kmourgos   650.123.5234         16-NOV-99 ST_MAN           7300                       100            50                                                     
        141 Trenna          Rajs            trajs      650.121.8009         17-OCT-95 ST_CLERK         5000                       124            50                                                     
        142 Curtis          Davies          cdavies    650.121.2994         29-JAN-97 ST_CLERK         4600                       124            50                                                     
        143 Randall         Matos           rmatos     650.121.2874         15-MAR-98 ST_CLERK         4100                       124            50                                                     
        144 Peter           Vargas                     650.121.2004         09-JUL-98 ST_CLERK         4000                       124            50                                                     
        149 Eleni           Zlotkey         ezlotkey   011.44.1344.429018   29-JAN-00 SA_MAN          10500             .2        100            80                                                     
        174 Ellen           Abel            eabel      011.44.1644.429267   11-MAY-96 SA_REP          13200             .3        149            80                                                     
        176 Jonathon        Taylor          jtaylor    011.44.1644.429265   24-MAR-98 SA_REP          10320             .3        149            80                                                     
        178 Kimerely        Grant           kgrant     011.44.1644.429263   24-MAY-99 SA_REP           8400            .15        149                                                                   
        200 Jennifer        Whalen          jwhalen    515.123.4444         17-SEP-87 AD_ASST          4400                       101            10                                                     
        201 Michael         Hartstein       mhartste   515.123.5555         17-FEB-96 MK_MAN          13000                       100            20                                                     
        202 Pat             Fay             pfay       603.123.6666         17-AUG-97 MK_REP           6000                       201            20                                                     
        205 Shelley         Higgins         shiggins   515.123.8080         07-JUN-94 AC_MGR          12000                       101           110                                                     
        206 William         Gietz           wgietz     515.123.8181         07-JUN-94 AC_MGR          10000                       205           110                                                     

20 rows selected.

SQL> UPDATE E1 SET JOB_ID = 'IT_MGR' , SALARY = SALARY * 1.5 WHERE JOB_ID = 'IT_PROG';

3 rows updated.

SQL> SELECT * FROM E1;

EMPLOYEE_ID FIRST_NAME      LAST_NAME       EMAIL      PHONE_NUMBER         HIRE_DATE JOB_ID         SALARY COMMISSION_PCT MANAGER_ID DEPARTMENT_ID                                                     
----------- --------------- --------------- ---------- -------------------- --------- ---------- ---------- -------------- ---------- -------------                                                     
        100 Steven          King            sking      515.123.4567         17-JUL-87 AD_PRES         24000                                      90                                                     
        101 Neena           Kochhar         nkochhar   515.123.4568         21-SEP-89 AD_VP           17000                       100            90                                                     
        102 Lex             De Haan         ldehaan    515.123.4569         13-JAN-93 AD_VP           17000                       100            90                                                     
        103 Alexander       Hunold          ahunold    590.423.4567         03-JAN-90 IT_MGR          13500                       102            60                                                     
        104 Bruce           Ernst           bernst     590.423.4568         21-MAY-91 IT_MGR           9000                       103            60                                                     
        107 Diana           Lorentz         dlorentz   590.423.5567         07-FEB-99 IT_MGR           6300                       103            60                                                     
        124 Kevin           Mourgos         kmourgos   650.123.5234         16-NOV-99 ST_MAN           7300                       100            50                                                     
        141 Trenna          Rajs            trajs      650.121.8009         17-OCT-95 ST_CLERK         5000                       124            50                                                     
        142 Curtis          Davies          cdavies    650.121.2994         29-JAN-97 ST_CLERK         4600                       124            50                                                     
        143 Randall         Matos           rmatos     650.121.2874         15-MAR-98 ST_CLERK         4100                       124            50                                                     
        144 Peter           Vargas                     650.121.2004         09-JUL-98 ST_CLERK         4000                       124            50                                                     
        149 Eleni           Zlotkey         ezlotkey   011.44.1344.429018   29-JAN-00 SA_MAN          10500             .2        100            80                                                     
        174 Ellen           Abel            eabel      011.44.1644.429267   11-MAY-96 SA_REP          13200             .3        149            80                                                     
        176 Jonathon        Taylor          jtaylor    011.44.1644.429265   24-MAR-98 SA_REP          10320             .3        149            80                                                     
        178 Kimerely        Grant           kgrant     011.44.1644.429263   24-MAY-99 SA_REP           8400            .15        149                                                                   
        200 Jennifer        Whalen          jwhalen    515.123.4444         17-SEP-87 AD_ASST          4400                       101            10                                                     
        201 Michael         Hartstein       mhartste   515.123.5555         17-FEB-96 MK_MAN          13000                       100            20                                                     
        202 Pat             Fay             pfay       603.123.6666         17-AUG-97 MK_REP           6000                       201            20                                                     
        205 Shelley         Higgins         shiggins   515.123.8080         07-JUN-94 AC_MGR          12000                       101           110                                                     
        206 William         Gietz           wgietz     515.123.8181         07-JUN-94 AC_MGR          10000                       205           110                                                     

20 rows selected.

SQL> REM LOWER THAN 10000 : +30% , HIGHER THAN 10000 : -20%
SQL> 
SQL> UPDATE E1 SET SALARY = CASE WHEN SALARY <= 10000 THEN SALARY * 1.3 ELSE SALARY * .8 END;

20 rows updated.

SQL> SELECT * FROM E1;

EMPLOYEE_ID FIRST_NAME      LAST_NAME       EMAIL      PHONE_NUMBER         HIRE_DATE JOB_ID         SALARY COMMISSION_PCT MANAGER_ID DEPARTMENT_ID                                                     
----------- --------------- --------------- ---------- -------------------- --------- ---------- ---------- -------------- ---------- -------------                                                     
        100 Steven          King            sking      515.123.4567         17-JUL-87 AD_PRES         19200                                      90                                                     
        101 Neena           Kochhar         nkochhar   515.123.4568         21-SEP-89 AD_VP           13600                       100            90                                                     
        102 Lex             De Haan         ldehaan    515.123.4569         13-JAN-93 AD_VP           13600                       100            90                                                     
        103 Alexander       Hunold          ahunold    590.423.4567         03-JAN-90 IT_MGR          10800                       102            60                                                     
        104 Bruce           Ernst           bernst     590.423.4568         21-MAY-91 IT_MGR          11700                       103            60                                                     
        107 Diana           Lorentz         dlorentz   590.423.5567         07-FEB-99 IT_MGR           8190                       103            60                                                     
        124 Kevin           Mourgos         kmourgos   650.123.5234         16-NOV-99 ST_MAN           9490                       100            50                                                     
        141 Trenna          Rajs            trajs      650.121.8009         17-OCT-95 ST_CLERK         6500                       124            50                                                     
        142 Curtis          Davies          cdavies    650.121.2994         29-JAN-97 ST_CLERK         5980                       124            50                                                     
        143 Randall         Matos           rmatos     650.121.2874         15-MAR-98 ST_CLERK         5330                       124            50                                                     
        144 Peter           Vargas                     650.121.2004         09-JUL-98 ST_CLERK         5200                       124            50                                                     
        149 Eleni           Zlotkey         ezlotkey   011.44.1344.429018   29-JAN-00 SA_MAN           8400             .2        100            80                                                     
        174 Ellen           Abel            eabel      011.44.1644.429267   11-MAY-96 SA_REP          10560             .3        149            80                                                     
        176 Jonathon        Taylor          jtaylor    011.44.1644.429265   24-MAR-98 SA_REP           8256             .3        149            80                                                     
        178 Kimerely        Grant           kgrant     011.44.1644.429263   24-MAY-99 SA_REP          10920            .15        149                                                                   
        200 Jennifer        Whalen          jwhalen    515.123.4444         17-SEP-87 AD_ASST          5720                       101            10                                                     
        201 Michael         Hartstein       mhartste   515.123.5555         17-FEB-96 MK_MAN          10400                       100            20                                                     
        202 Pat             Fay             pfay       603.123.6666         17-AUG-97 MK_REP           7800                       201            20                                                     
        205 Shelley         Higgins         shiggins   515.123.8080         07-JUN-94 AC_MGR           9600                       101           110                                                     
        206 William         Gietz           wgietz     515.123.8181         07-JUN-94 AC_MGR          13000                       205           110                                                     

20 rows selected.

SQL> SELECT * FROM DEPARTMENTS;

DEPARTMENT_ID DEPARTMENT_NAME                MANAGER_ID LOCATION_ID                                                                                                                                     
------------- ------------------------------ ---------- -----------                                                                                                                                     
           10 Administration                        200        1700                                                                                                                                     
           20 Marketing                             201        1800                                                                                                                                     
           50 Shiping                               124        1500                                                                                                                                     
           60 IT                                    103        1400                                                                                                                                     
           80 Sales                                 149        2500                                                                                                                                     
           90 Executive                             100        1700                                                                                                                                     
          110 Accounting                            205        1700                                                                                                                                     
          190 Contracting                                      1700                                                                                                                                     

8 rows selected.

SQL> UPDATE E1 SET SALARY = SALARY * 1.2 WHERE DEPARTMENT_ID IN (SELECT DEPARTMENT_ID FROM DEPARTMENTS WHERE DEPARTMENT_NAME = 'Shiping');

5 rows updated.

SQL> SELECT * FROM DEPARTMENTS;

DEPARTMENT_ID DEPARTMENT_NAME                MANAGER_ID LOCATION_ID                                                                                                                                     
------------- ------------------------------ ---------- -----------                                                                                                                                     
           10 Administration                        200        1700                                                                                                                                     
           20 Marketing                             201        1800                                                                                                                                     
           50 Shiping                               124        1500                                                                                                                                     
           60 IT                                    103        1400                                                                                                                                     
           80 Sales                                 149        2500                                                                                                                                     
           90 Executive                             100        1700                                                                                                                                     
          110 Accounting                            205        1700                                                                                                                                     
          190 Contracting                                      1700                                                                                                                                     

8 rows selected.

SQL> SELECT * FROM E1;

EMPLOYEE_ID FIRST_NAME      LAST_NAME       EMAIL      PHONE_NUMBER         HIRE_DATE JOB_ID         SALARY COMMISSION_PCT MANAGER_ID DEPARTMENT_ID                                                     
----------- --------------- --------------- ---------- -------------------- --------- ---------- ---------- -------------- ---------- -------------                                                     
        100 Steven          King            sking      515.123.4567         17-JUL-87 AD_PRES         19200                                      90                                                     
        101 Neena           Kochhar         nkochhar   515.123.4568         21-SEP-89 AD_VP           13600                       100            90                                                     
        102 Lex             De Haan         ldehaan    515.123.4569         13-JAN-93 AD_VP           13600                       100            90                                                     
        103 Alexander       Hunold          ahunold    590.423.4567         03-JAN-90 IT_MGR          10800                       102            60                                                     
        104 Bruce           Ernst           bernst     590.423.4568         21-MAY-91 IT_MGR          11700                       103            60                                                     
        107 Diana           Lorentz         dlorentz   590.423.5567         07-FEB-99 IT_MGR           8190                       103            60                                                     
        124 Kevin           Mourgos         kmourgos   650.123.5234         16-NOV-99 ST_MAN          11388                       100            50                                                     
        141 Trenna          Rajs            trajs      650.121.8009         17-OCT-95 ST_CLERK         7800                       124            50                                                     
        142 Curtis          Davies          cdavies    650.121.2994         29-JAN-97 ST_CLERK         7176                       124            50                                                     
        143 Randall         Matos           rmatos     650.121.2874         15-MAR-98 ST_CLERK         6396                       124            50                                                     
        144 Peter           Vargas                     650.121.2004         09-JUL-98 ST_CLERK         6240                       124            50                                                     
        149 Eleni           Zlotkey         ezlotkey   011.44.1344.429018   29-JAN-00 SA_MAN           8400             .2        100            80                                                     
        174 Ellen           Abel            eabel      011.44.1644.429267   11-MAY-96 SA_REP          10560             .3        149            80                                                     
        176 Jonathon        Taylor          jtaylor    011.44.1644.429265   24-MAR-98 SA_REP           8256             .3        149            80                                                     
        178 Kimerely        Grant           kgrant     011.44.1644.429263   24-MAY-99 SA_REP          10920            .15        149                                                                   
        200 Jennifer        Whalen          jwhalen    515.123.4444         17-SEP-87 AD_ASST          5720                       101            10                                                     
        201 Michael         Hartstein       mhartste   515.123.5555         17-FEB-96 MK_MAN          10400                       100            20                                                     
        202 Pat             Fay             pfay       603.123.6666         17-AUG-97 MK_REP           7800                       201            20                                                     
        205 Shelley         Higgins         shiggins   515.123.8080         07-JUN-94 AC_MGR           9600                       101           110                                                     
        206 William         Gietz           wgietz     515.123.8181         07-JUN-94 AC_MGR          13000                       205           110                                                     

20 rows selected.

SQL> SELECT * FROM LOCATIONS;

LOCATION_ID STREET_ADRESS                            POSTAL_CODE  CITY                           STATE_PROVINCE            CO                                                                           
----------- ---------------------------------------- ------------ ------------------------------ ------------------------- --                                                                           
       1400 2014 Jabberwocky Rd                      26192        Southlake                      Texas                     US                                                                           
       1500 2011 Interiors Blvd                      99236        South San Francisco            California                US                                                                           
       1700 2004 Charade Rd                          98199        Seattle                        Washington                US                                                                           
       1800 460 Bloor St. W.                         ON M5S 1X8   Toronto                        Ontario                   CA                                                                           
       2500 Magdalen Centre, The Oxford Science Park OX9 9ZB      Oxford                         Oxford                    UK                                                                           

SQL> UPDATE E1 SET SALARY = SALARY * 1.5 WHERE DEPARTMENT_ID IN (SELECT DEPARTMENT_ID FROM DEPARTMENTS NATURAL JOIN LOCATIONS WHERE CITY = 'Toronto');

2 rows updated.

SQL> UPDATE E1 SET SALARY = SALARY * 1.5 WHERE DEPARTMENT_ID IN (SELECT DEPARTMENT_ID FROM DEPARTMENTS WHERE LOCATION_ID IN (SELECT LOCATION_ID FROM LOCATIONS WHERE CITY = 'Toronto'));

2 rows updated.

SQL> COMMIT;

Commit complete.

SQL> 
SQL> -- CREATE TABLE D1 AS SELECT * FROM DEPARTMENTS;
SQL> 
SQL> -- CREATE TABLE E1 AS SELECT * FROM EMPLOYEES;
SQL> 
SQL> REM 1 DELETE ROWS FROM D1 TABLE : WHICH CONTAINS 'o' IN IT'S DEPARTMENT_NAME SPELLING.
SQL> 
SQL> REM 2 DELETE THE DEPARTMENT IN WHICH Diana WORKS
SQL> 
SQL> REM 3 DELETE A ROW OF D1 TABLE, ASK DEPARTMENT_ID FROM USER.
SQL> 
SQL> REM 4 DELETE A ROW OF D1 TABLE FOR THE DEPARTMENT WHICH IS LOCATED IN Seattle CITY
SQL> 
SQL> REM 5 UPDATE E1 TABLE : GIVE INCREMENT OF +2000 TO THOSE WHO WERE HIRED IN YEAR 98.
SQL> 
SQL> REM 6 UPDATE E1 TABLE : GIVE -15% DECREMENT TO THOSE WHO REPORTS TO MANAGER 124.
SQL> 
SQL> REM 7 UPDATE E1 TABLE : MAKE ALL EMAIL TO LOWER AND ALL JOB_ID TO CAMEL CASE
SQL> 
SQL> REM 8 UPDATE E1 TABLE : GIVE INCREMENT TO THOSE WHO WORKS IN Accounting DEPARTMENT
SQL> 
SQL> REM 9 UPDATE E1 TABLE : GIVE INCREMENT 10% TO THOSE WHO WERE HIRED IN FIRST OR THIRD QUARTER AND 20% TO OTHERS.
SQL> 
SQL> REM 10 UPDATE E1 TABLE : GIVE INCREMENT 20% TO THOSE WHO WORKS IN Americas
SQL> 
SQL> REM 11 UPDATE E1 TABLE : IN FIRST_NAME SPELLING, IF LEFT MOST VOWEL IS 'a' 10% , e 20% , i 30% , o 40% OTHERWISE 50%
SQL> 
SQL> REM 12 UPDATE E1 TABLE : IN LAST_NAME SPELLING, IF COUNT OF VOWELS IS 1 20% , 2 30% , 3 40%
SQL> 
SQL> SPOOL OFF
